timestamp_utc,count
2026-07-17T17:47:41.411Z,16
2026-07-17T18:00:08.530Z,13
2026-07-17T19:00:57.833Z,8
2026-07-17T19:10:36.788Z,5
2026-07-17T19:20:36.980Z,4
2026-07-17T19:30:48.094Z,4
2026-07-17T19:40:36.289Z,1
2026-07-17T19:42:40.408Z,2
2026-07-17T19:50:37.448Z,2
2026-07-17T20:00:56.246Z,2
2026-07-17T20:10:37.283Z,1
2026-07-17T20:20:39.001Z,1
2026-07-17T20:30:51.125Z,1
2026-07-17T20:31:49.455Z,1
2026-07-17T20:40:43.795Z,1
2026-07-17T20:50:34.664Z,1
2026-07-17T21:00:56.221Z,1
2026-07-17T21:10:38.055Z,1
2026-07-17T21:20:37.195Z,1
2026-07-17T21:24:14.472Z,1
2026-07-17T21:30:52.373Z,1
2026-07-17T21:40:35.635Z,1
2026-07-17T21:50:36.793Z,0
2026-07-17T22:00:58.158Z,0
2026-07-17T22:10:23.881Z,0
2026-07-17T22:10:35.943Z,0
2026-07-17T22:20:40.134Z,0
2026-07-17T22:30:45.995Z,0
2026-07-17T22:40:40.746Z,0
2026-07-17T22:50:39.830Z,0
2026-07-17T23:00:56.746Z,0
2026-07-17T23:05:45.830Z,0
2026-07-17T23:10:37.351Z,0
2026-07-17T23:20:38.839Z,0
2026-07-17T23:30:52.624Z,0
2026-07-17T23:40:39.783Z,0
2026-07-17T23:50:36.455Z,0
2026-07-18T00:00:58.491Z,0
2026-07-18T00:02:49.033Z,0
2026-07-18T00:10:36.233Z,0
2026-07-18T00:20:38.690Z,0
2026-07-18T00:30:47.025Z,0
2026-07-18T00:40:33.235Z,0
2026-07-18T00:50:35.461Z,0
2026-07-18T01:00:50.463Z,0
2026-07-18T01:10:34.256Z,0
2026-07-18T01:20:31.343Z,0
2026-07-18T01:30:42.364Z,0
2026-07-18T01:40:33.631Z,0
2026-07-18T01:50:33.733Z,0
2026-07-18T02:00:48.952Z,0
2026-07-18T02:10:30.573Z,0
2026-07-18T02:20:31.010Z,0
2026-07-18T02:30:42.902Z,0
2026-07-18T02:40:33.766Z,0
2026-07-18T02:50:31.582Z,0
2026-07-18T03:00:52.189Z,0
2026-07-18T03:10:32.511Z,0
2026-07-18T03:19:22.444Z,0
2026-07-18T03:20:32.108Z,0
2026-07-18T03:30:45.229Z,0
2026-07-18T03:40:34.838Z,0
2026-07-18T03:50:33.428Z,0
2026-07-18T04:00:52.998Z,0
2026-07-18T04:10:31.618Z,0
2026-07-18T04:20:34.038Z,0
2026-07-18T04:30:45.023Z,0
2026-07-18T04:40:34.168Z,0
2026-07-18T04:50:35.413Z,0
2026-07-18T05:00:50.633Z,0
2026-07-18T05:10:32.834Z,0
2026-07-18T05:20:34.513Z,0
2026-07-18T05:30:46.399Z,0
2026-07-18T05:38:31.498Z,0
2026-07-18T05:40:34.597Z,0
2026-07-18T05:50:33.297Z,1
2026-07-18T06:00:52.931Z,1
2026-07-18T06:10:33.433Z,1
2026-07-18T06:20:31.589Z,1
2026-07-18T06:30:45.744Z,1
2026-07-18T06:40:31.228Z,1
2026-07-18T06:50:33.965Z,1
2026-07-18T07:00:47.840Z,1
2026-07-18T07:10:33.073Z,1
2026-07-18T07:15:55.104Z,1
2026-07-18T07:20:31.322Z,2
2026-07-18T07:30:44.263Z,3
2026-07-18T07:40:32.008Z,4
2026-07-18T07:50:35.372Z,4
2026-07-18T08:00:49.165Z,5
2026-07-18T08:10:33.455Z,6
2026-07-18T08:20:32.325Z,6
2026-07-18T08:30:43.551Z,8
2026-07-18T08:40:31.727Z,12
2026-07-18T08:50:34.729Z,12
2026-07-18T08:59:44.979Z,12
2026-07-18T09:00:52.287Z,12
2026-07-18T09:10:32.335Z,12
2026-07-18T09:20:33.660Z,12
2026-07-18T09:30:41.401Z,12
2026-07-18T09:40:35.043Z,9
2026-07-18T09:50:32.339Z,10
2026-07-18T10:00:50.859Z,9
2026-07-18T10:10:34.035Z,7
2026-07-18T10:20:32.743Z,6
2026-07-18T10:30:44.458Z,6
2026-07-18T10:40:30.990Z,6
2026-07-18T10:50:34.779Z,3
2026-07-18T11:00:48.490Z,3
2026-07-18T11:10:30.852Z,3
2026-07-18T11:20:32.509Z,3
2026-07-18T11:26:34.875Z,3
2026-07-18T11:30:42.081Z,3
2026-07-18T11:40:32.368Z,3
2026-07-18T11:50:37.126Z,2
2026-07-18T12:00:53.998Z,2
2026-07-18T12:10:33.447Z,2
2026-07-18T12:20:34.522Z,1
2026-07-18T12:30:45.032Z,1
2026-07-18T12:40:32.289Z,1
2026-07-18T12:50:30.725Z,2
2026-07-18T13:00:48.970Z,2
2026-07-18T13:10:31.123Z,2
2026-07-18T13:20:32.185Z,2
2026-07-18T13:30:45.618Z,2
2026-07-18T13:40:32.696Z,2
2026-07-18T13:45:09.809Z,2
2026-07-18T13:50:34.594Z,2
2026-07-18T14:00:50.268Z,2
2026-07-18T14:10:31.568Z,2
2026-07-18T14:20:31.396Z,2
2026-07-18T14:30:43.041Z,3
2026-07-18T14:39:31.194Z,3
2026-07-18T14:40:33.893Z,3
2026-07-18T14:50:33.579Z,3
2026-07-18T15:00:47.938Z,3
2026-07-18T15:10:34.035Z,2
2026-07-18T15:20:34.083Z,2
2026-07-18T15:30:48.030Z,2
2026-07-18T15:35:27.235Z,0
2026-07-18T15:40:34.320Z,0
2026-07-18T15:50:34.607Z,0
2026-07-18T16:00:49.719Z,0
2026-07-18T16:10:33.453Z,0
2026-07-18T16:20:33.012Z,0
2026-07-18T16:30:42.444Z,0
2026-07-18T16:31:35.774Z,0
2026-07-18T16:40:36.354Z,0
2026-07-18T16:50:32.552Z,0
2026-07-18T17:00:57.458Z,2
2026-07-18T17:10:35.175Z,2
2026-07-18T17:20:34.172Z,2
2026-07-18T17:30:45.123Z,2
2026-07-18T17:32:48.274Z,2
2026-07-18T17:40:31.146Z,2
2026-07-18T17:50:32.179Z,2
2026-07-18T18:00:50.067Z,2
2026-07-18T18:10:33.539Z,2
2026-07-18T18:20:32.433Z,2
2026-07-18T18:31:33.743Z,2
2026-07-18T18:40:32.196Z,2
2026-07-18T18:50:34.118Z,2
2026-07-18T19:00:51.174Z,2
2026-07-18T19:10:34.057Z,0
2026-07-18T19:20:35.218Z,1
2026-07-18T19:30:45.194Z,1
2026-07-18T19:40:33.555Z,1
2026-07-18T19:43:38.647Z,1
2026-07-18T19:50:35.832Z,1
2026-07-18T20:00:49.968Z,1
2026-07-18T20:10:31.910Z,1
2026-07-18T20:20:34.368Z,1
2026-07-18T20:28:36.722Z,1
2026-07-18T20:30:42.270Z,1
2026-07-18T20:40:34.889Z,1
2026-07-18T20:50:33.264Z,1
2026-07-18T21:00:53.210Z,1
2026-07-18T21:10:33.265Z,1
2026-07-18T21:20:34.255Z,0
2026-07-18T21:22:47.318Z,0
2026-07-18T21:30:42.827Z,0
2026-07-18T21:40:31.390Z,0
2026-07-18T21:50:37.093Z,0
2026-07-18T22:00:51.399Z,0
2026-07-18T22:10:33.354Z,0
2026-07-18T22:20:33.672Z,0
2026-07-18T22:30:46.003Z,0
2026-07-18T22:40:36.489Z,0
2026-07-18T22:50:33.645Z,0
2026-07-18T23:00:51.605Z,0
2026-07-18T23:07:31.807Z,0
2026-07-18T23:10:32.172Z,0
2026-07-18T23:20:34.523Z,0
2026-07-18T23:30:46.299Z,0
2026-07-18T23:40:31.803Z,0
2026-07-18T23:50:33.513Z,0
2026-07-19T00:00:57.987Z,0
2026-07-19T00:04:37.080Z,0
2026-07-19T00:10:34.134Z,0
2026-07-19T00:20:32.726Z,0
2026-07-19T00:30:42.628Z,0
2026-07-19T00:40:36.639Z,0
2026-07-19T00:50:35.689Z,0
2026-07-19T01:00:51.839Z,0
2026-07-19T01:10:32.680Z,0
2026-07-19T01:20:33.678Z,0
2026-07-19T01:30:41.352Z,0
2026-07-19T01:40:32.996Z,0
2026-07-19T01:50:33.472Z,0
2026-07-19T02:00:50.936Z,0
2026-07-19T02:10:32.067Z,0
2026-07-19T02:20:32.607Z,0
2026-07-19T02:30:41.267Z,0
2026-07-19T02:40:33.125Z,0
2026-07-19T02:50:34.588Z,0
2026-07-19T03:00:52.225Z,0
2026-07-19T03:10:31.816Z,0
2026-07-19T03:20:33.460Z,0
2026-07-19T03:30:45.527Z,0
2026-07-19T03:40:33.441Z,0
2026-07-19T03:42:41.818Z,0
2026-07-19T03:50:30.308Z,0
2026-07-19T04:00:52.135Z,0
2026-07-19T04:10:34.964Z,0
2026-07-19T04:20:36.813Z,0
2026-07-19T04:30:45.198Z,0
2026-07-19T04:40:32.822Z,0
2026-07-19T04:50:33.130Z,0
2026-07-19T05:00:51.334Z,0
2026-07-19T05:10:36.156Z,0
2026-07-19T05:20:31.537Z,0
2026-07-19T05:30:45.898Z,1
2026-07-19T05:40:35.440Z,1
2026-07-19T05:50:33.315Z,1
2026-07-19T06:00:51.817Z,1
2026-07-19T06:10:39.268Z,1
2026-07-19T06:15:19.326Z,1
2026-07-19T06:20:36.693Z,1
2026-07-19T06:30:44.731Z,1
2026-07-19T06:40:32.146Z,1
2026-07-19T06:50:35.486Z,2
2026-07-19T07:00:50.414Z,2
2026-07-19T07:10:31.689Z,3
2026-07-19T07:20:32.472Z,3
2026-07-19T07:30:45.295Z,3
2026-07-19T07:40:34.017Z,3
2026-07-19T07:50:34.644Z,3
2026-07-19T08:00:50.746Z,3
2026-07-19T08:10:32.401Z,3
2026-07-19T08:20:32.788Z,4
2026-07-19T08:30:48.566Z,4
2026-07-19T08:33:58.876Z,4
2026-07-19T08:40:34.205Z,4
2026-07-19T08:50:36.147Z,4
2026-07-19T09:00:49.091Z,5
2026-07-19T09:10:34.146Z,4
2026-07-19T09:20:35.771Z,4
2026-07-19T09:30:48.785Z,4
2026-07-19T09:40:33.922Z,4
2026-07-19T09:50:38.056Z,3
2026-07-19T10:00:52.435Z,4
2026-07-19T10:09:20.509Z,5
2026-07-19T10:10:34.866Z,5
2026-07-19T10:20:36.535Z,5
2026-07-19T10:30:42.350Z,5
2026-07-19T10:40:32.911Z,4
2026-07-19T10:50:32.163Z,3
2026-07-19T11:00:48.580Z,3
2026-07-19T11:10:31.318Z,2
2026-07-19T11:20:33.898Z,2
2026-07-19T11:30:41.339Z,2
2026-07-19T11:40:32.168Z,2
2026-07-19T11:50:34.805Z,3
2026-07-19T12:00:48.793Z,3
2026-07-19T12:08:54.375Z,2
2026-07-19T12:10:33.519Z,2
2026-07-19T12:20:34.646Z,1
2026-07-19T12:30:41.954Z,1
2026-07-19T12:40:31.661Z,1
2026-07-19T12:50:33.083Z,1
2026-07-19T13:00:48.674Z,1
2026-07-19T13:10:33.204Z,1
2026-07-19T13:20:33.133Z,2
2026-07-19T13:30:43.980Z,2
2026-07-19T13:40:33.535Z,2
2026-07-19T13:48:10.524Z,2
2026-07-19T13:50:31.283Z,2
2026-07-19T14:00:50.474Z,2
2026-07-19T14:10:36.831Z,2
2026-07-19T14:20:33.421Z,2
2026-07-19T14:30:41.610Z,2
2026-07-19T14:40:34.557Z,2
2026-07-19T14:42:26.699Z,2
2026-07-19T14:50:31.692Z,2
2026-07-19T15:00:50.243Z,2
2026-07-19T15:10:32.229Z,2
2026-07-19T15:20:32.913Z,2
2026-07-19T15:30:39.918Z,2
2026-07-19T15:37:38.598Z,2
2026-07-19T15:40:33.029Z,2
2026-07-19T15:50:37.029Z,1
2026-07-19T16:00:52.299Z,1
2026-07-19T16:10:33.916Z,3
2026-07-19T16:20:37.267Z,4
2026-07-19T16:30:43.120Z,5
2026-07-19T16:31:18.758Z,5
2026-07-19T16:40:28.891Z,5
2026-07-19T16:50:29.951Z,5
2026-07-19T17:00:44.250Z,6
2026-07-19T17:10:28.608Z,7
2026-07-19T17:20:30.134Z,7
2026-07-19T17:30:38.752Z,7
2026-07-19T17:33:02.473Z,7
2026-07-19T17:40:29.223Z,7
2026-07-19T17:50:38.209Z,6
2026-07-19T18:00:45.602Z,6
2026-07-19T18:20:29.512Z,3
2026-07-19T18:30:37.265Z,3
2026-07-19T18:31:45.029Z,3
2026-07-19T18:40:30.249Z,2
2026-07-19T18:50:27.644Z,2
2026-07-19T19:00:45.216Z,2
2026-07-19T19:10:29.180Z,0
2026-07-19T19:20:31.091Z,0
2026-07-19T19:30:37.016Z,0
2026-07-19T19:40:29.546Z,0
2026-07-19T19:43:47.776Z,0
2026-07-19T19:50:30.967Z,0
2026-07-19T20:00:45.143Z,0
2026-07-19T20:10:29.877Z,1
2026-07-19T20:20:28.050Z,1
2026-07-19T20:28:46.391Z,1
2026-07-19T20:30:39.888Z,1
2026-07-19T20:40:29.711Z,1
2026-07-19T20:50:31.334Z,1
2026-07-19T21:00:51.009Z,1
2026-07-19T21:10:30.500Z,1
2026-07-19T21:20:26.952Z,1
2026-07-19T21:24:34.658Z,1
2026-07-19T21:30:38.323Z,1
2026-07-19T21:40:28.609Z,1
2026-07-19T21:50:28.416Z,1
2026-07-19T22:00:47.724Z,1
2026-07-19T22:10:27.963Z,1
2026-07-19T22:13:05.634Z,1
2026-07-19T22:20:30.112Z,0
2026-07-19T22:30:45.829Z,0
2026-07-19T22:40:30.878Z,0
2026-07-19T22:50:27.382Z,0
2026-07-19T23:00:46.308Z,0
2026-07-19T23:10:27.509Z,0
2026-07-19T23:11:12.493Z,0
2026-07-19T23:20:28.668Z,0
2026-07-19T23:30:39.240Z,0
2026-07-19T23:40:28.608Z,0
2026-07-19T23:50:29.561Z,0
2026-07-20T00:00:51.158Z,0
2026-07-20T00:10:01.454Z,0
2026-07-20T00:30:41.734Z,0
2026-07-20T00:40:30.489Z,0
2026-07-20T01:10:32.796Z,0
2026-07-20T01:30:41.513Z,0
2026-07-20T01:40:30.882Z,0
2026-07-20T01:50:37.705Z,0
2026-07-20T02:00:44.905Z,0
2026-07-20T02:10:32.809Z,0
2026-07-20T02:20:30.573Z,0
2026-07-20T02:30:39.170Z,0
2026-07-20T02:40:31.854Z,0
2026-07-20T02:50:27.774Z,0
2026-07-20T03:00:49.245Z,0
2026-07-20T03:10:29.371Z,0
2026-07-20T03:20:33.057Z,0
2026-07-20T03:30:41.860Z,0
2026-07-20T03:40:31.565Z,0
2026-07-20T03:50:29.769Z,0
2026-07-20T03:59:56.277Z,0
2026-07-20T04:00:44.498Z,0
2026-07-20T04:10:27.844Z,1
2026-07-20T04:20:30.348Z,1
2026-07-20T04:30:44.231Z,1
2026-07-20T04:40:27.893Z,1
2026-07-20T04:50:30.162Z,1
2026-07-20T05:00:47.763Z,1
2026-07-20T05:10:32.014Z,1
2026-07-20T05:20:29.249Z,1
2026-07-20T05:30:39.151Z,1
2026-07-20T05:40:28.562Z,1
2026-07-20T05:50:30.405Z,2
2026-07-20T06:00:44.631Z,2
2026-07-20T06:10:27.607Z,2
2026-07-20T06:20:29.149Z,1
2026-07-20T06:30:39.266Z,1
2026-07-20T06:40:30.177Z,2
2026-07-20T06:50:11.212Z,2
2026-07-20T06:50:28.293Z,2
2026-07-20T07:00:48.972Z,2
2026-07-20T07:10:31.474Z,2
2026-07-20T07:20:30.150Z,2
2026-07-20T07:30:38.718Z,2
2026-07-20T07:40:28.944Z,3
2026-07-20T07:50:30.418Z,3
2026-07-20T08:00:44.451Z,4
2026-07-20T08:10:29.861Z,5
2026-07-20T08:20:24.074Z,6
2026-07-20T08:30:36.025Z,7
2026-07-20T08:50:35.295Z,7
2026-07-20T09:01:08.496Z,7
2026-07-20T09:10:25.480Z,5
2026-07-20T09:20:28.468Z,5
2026-07-20T09:30:37.002Z,5
2026-07-20T09:40:26.963Z,6
2026-07-20T09:47:20.047Z,4
2026-07-20T09:50:31.828Z,5
2026-07-20T10:00:48.202Z,9
2026-07-20T10:10:29.091Z,7
2026-07-20T10:20:30.314Z,9
2026-07-20T10:30:37.069Z,8
2026-07-20T10:40:29.043Z,9
2026-07-20T10:50:25.760Z,8
2026-07-20T11:00:49.734Z,7
2026-07-20T11:10:28.750Z,7
2026-07-20T11:20:26.475Z,8
2026-07-20T11:30:36.322Z,8
2026-07-20T11:40:29.651Z,7
2026-07-20T11:50:31.176Z,6
2026-07-20T12:00:53.369Z,6
2026-07-20T12:04:52.341Z,2
2026-07-20T12:10:27.286Z,2
2026-07-20T12:20:29.513Z,2
2026-07-20T12:30:42.078Z,2
2026-07-20T12:40:29.461Z,1
2026-07-20T12:50:29.776Z,2
2026-07-20T13:00:54.677Z,2
2026-07-20T13:10:28.237Z,2
2026-07-20T13:20:28.116Z,3
2026-07-20T13:30:36.809Z,3
2026-07-20T13:40:29.637Z,3
2026-07-20T13:50:27.905Z,3
2026-07-20T14:00:54.140Z,3
2026-07-20T14:10:27.270Z,3
2026-07-20T14:20:28.804Z,4
2026-07-20T14:28:26.157Z,5
2026-07-20T14:30:43.459Z,5
2026-07-20T14:40:28.481Z,5
2026-07-20T14:50:30.968Z,5
2026-07-20T15:00:53.939Z,7
2026-07-20T15:10:34.206Z,8
2026-07-20T15:20:31.408Z,9
2026-07-20T15:30:40.078Z,9
2026-07-20T15:40:31.583Z,8
2026-07-20T15:50:31.221Z,11
2026-07-20T16:00:52.441Z,17
2026-07-20T16:08:29.029Z,16
2026-07-20T16:10:29.416Z,16
2026-07-20T16:20:27.346Z,17
2026-07-20T16:30:40.146Z,20
2026-07-20T16:40:26.708Z,20
2026-07-20T16:50:30.416Z,22
2026-07-20T17:00:52.268Z,27
2026-07-20T17:10:27.704Z,24
2026-07-20T17:20:29.362Z,23
2026-07-20T17:31:01.491Z,22
2026-07-20T17:40:33.009Z,18
2026-07-20T17:50:28.105Z,16
2026-07-20T18:00:55.655Z,21
2026-07-20T18:10:33.791Z,15
2026-07-20T18:16:04.518Z,14
2026-07-20T18:20:32.639Z,13
2026-07-20T18:30:39.638Z,13
2026-07-20T18:40:30.047Z,12
2026-07-20T18:50:29.357Z,11
2026-07-20T19:00:50.637Z,11
2026-07-20T19:10:30.919Z,6
2026-07-20T19:20:29.728Z,5
2026-07-20T19:30:39.140Z,5
2026-07-20T19:40:30.560Z,6
2026-07-20T19:50:33.988Z,6
2026-07-20T19:58:01.132Z,6
2026-07-20T20:00:47.539Z,6
2026-07-20T20:10:27.139Z,2
2026-07-20T20:20:31.923Z,1
2026-07-20T20:30:40.592Z,1
2026-07-20T20:40:33.592Z,1
2026-07-20T20:50:29.035Z,1
2026-07-20T21:00:52.217Z,1
2026-07-20T21:10:27.306Z,1
2026-07-20T21:20:28.177Z,1
2026-07-20T21:30:38.768Z,1
2026-07-20T21:40:30.592Z,1
2026-07-20T21:50:28.926Z,0
2026-07-20T22:00:50.206Z,0
2026-07-20T22:10:31.526Z,0
2026-07-20T22:11:13.834Z,0
2026-07-20T22:20:33.149Z,0
2026-07-20T22:30:40.205Z,0
2026-07-20T22:40:31.316Z,0
2026-07-20T22:50:30.015Z,0
2026-07-20T23:00:49.284Z,0
2026-07-20T23:10:27.369Z,0
2026-07-20T23:13:25.259Z,0
2026-07-20T23:20:31.151Z,0
2026-07-20T23:30:41.202Z,0
2026-07-20T23:40:33.291Z,0
2026-07-20T23:50:28.381Z,0
2026-07-21T00:00:53.010Z,0
2026-07-21T00:08:46.154Z,0
2026-07-21T00:10:29.435Z,0
2026-07-21T00:20:28.523Z,0
2026-07-21T00:30:41.045Z,0
2026-07-21T00:40:26.519Z,0
2026-07-21T00:50:26.110Z,0
2026-07-21T01:00:48.127Z,0
2026-07-21T01:10:29.312Z,0
2026-07-21T01:20:27.172Z,0
2026-07-21T01:30:37.459Z,0
2026-07-21T01:40:27.511Z,0
2026-07-21T01:50:27.323Z,0
2026-07-21T02:00:46.394Z,0
2026-07-21T02:10:27.704Z,0
2026-07-21T02:20:27.368Z,0
2026-07-21T02:30:35.322Z,0
2026-07-21T02:40:30.761Z,0
2026-07-21T02:50:28.786Z,0
2026-07-21T03:00:51.228Z,0
2026-07-21T03:10:29.461Z,0
2026-07-21T03:20:25.629Z,0
2026-07-21T03:30:35.856Z,0
2026-07-21T03:39:12.473Z,0
2026-07-21T03:40:30.564Z,0
2026-07-21T03:50:26.653Z,0
2026-07-21T04:00:49.171Z,0
2026-07-21T04:10:26.531Z,1
2026-07-21T04:20:28.555Z,1
2026-07-21T04:30:35.901Z,1
2026-07-21T04:40:26.057Z,1
2026-07-21T04:50:28.437Z,2
2026-07-21T05:00:46.334Z,2
2026-07-21T05:10:28.035Z,3
2026-07-21T05:20:27.233Z,3
2026-07-21T05:30:36.092Z,3
2026-07-21T05:40:27.651Z,3
2026-07-21T05:50:26.661Z,2
2026-07-21T06:00:46.225Z,2
2026-07-21T06:10:31.312Z,2
2026-07-21T06:15:18.577Z,2
2026-07-21T06:20:29.667Z,1
2026-07-21T06:30:37.084Z,1
2026-07-21T06:40:29.516Z,2
2026-07-21T06:50:31.733Z,2
2026-07-21T07:00:50.946Z,3
2026-07-21T07:10:27.127Z,3
2026-07-21T07:20:33.553Z,2
2026-07-21T08:10:24.318Z,5
2026-07-21T08:30:36.569Z,5
2026-07-21T08:40:25.827Z,5
2026-07-21T08:46:13.775Z,5
2026-07-21T08:50:25.608Z,4
2026-07-21T09:00:46.947Z,5
2026-07-21T09:10:23.388Z,4
2026-07-21T09:20:23.705Z,4
2026-07-21T09:30:32.664Z,4
2026-07-21T09:40:22.136Z,5
2026-07-21T09:50:22.881Z,4
2026-07-21T10:00:51.217Z,3
2026-07-21T10:10:23.095Z,3
2026-07-21T10:20:25.247Z,2
2026-07-21T10:30:37.189Z,3
2026-07-21T10:40:24.227Z,3
2026-07-21T10:50:24.277Z,4
2026-07-21T10:51:23.939Z,4
2026-07-21T11:00:46.371Z,3
2026-07-21T11:10:26.893Z,2
2026-07-21T11:20:28.893Z,2
2026-07-21T11:30:41.286Z,2
2026-07-21T11:40:24.488Z,2
2026-07-21T11:50:24.076Z,2
2026-07-21T12:00:51.003Z,1
2026-07-21T12:10:23.380Z,2
2026-07-21T12:14:39.072Z,2
2026-07-21T12:20:24.518Z,2
2026-07-21T12:30:41.341Z,2
2026-07-21T12:40:24.524Z,1
2026-07-21T12:50:23.788Z,1
2026-07-21T13:00:47.314Z,1
2026-07-21T13:10:24.227Z,1
2026-07-21T13:20:26.328Z,1
2026-07-21T13:30:37.109Z,2
2026-07-21T13:40:25.361Z,2
2026-07-21T13:50:26.750Z,2
2026-07-21T14:00:48.464Z,2
2026-07-21T14:10:26.496Z,2
2026-07-21T14:20:24.211Z,1
2026-07-21T14:23:05.488Z,1
2026-07-21T14:30:36.674Z,1
2026-07-21T14:40:24.821Z,1
2026-07-21T14:50:26.741Z,1
2026-07-21T15:00:45.968Z,1
2026-07-21T15:10:26.886Z,1
2026-07-21T15:20:24.178Z,1
2026-07-21T15:30:33.901Z,1
2026-07-21T15:40:25.456Z,0
2026-07-21T15:50:24.376Z,0
2026-07-21T15:57:41.222Z,4
2026-07-21T16:00:50.995Z,4
2026-07-21T16:10:23.143Z,7
2026-07-21T16:20:27.752Z,8
2026-07-21T16:30:36.683Z,11
2026-07-21T16:40:25.101Z,13
2026-07-21T16:50:23.626Z,18
2026-07-21T17:00:46.882Z,20
2026-07-21T17:10:23.781Z,22
2026-07-21T17:14:43.287Z,23
2026-07-21T17:20:24.595Z,24
2026-07-21T17:30:36.489Z,29
2026-07-21T17:40:24.826Z,25
2026-07-21T17:50:25.626Z,26
2026-07-21T18:00:47.399Z,26
2026-07-21T18:10:24.223Z,21
2026-07-21T18:20:24.088Z,16
2026-07-21T18:30:44.817Z,17
2026-07-21T18:40:24.832Z,14
2026-07-21T18:40:59.093Z,14
2026-07-21T18:50:25.761Z,12
2026-07-21T19:00:44.527Z,12
2026-07-21T19:10:26.184Z,7
2026-07-21T19:20:25.251Z,5
2026-07-21T19:30:38.000Z,5
2026-07-21T19:40:24.626Z,2
2026-07-21T19:50:24.775Z,1
2026-07-21T20:00:44.592Z,2
2026-07-21T20:05:28.083Z,2
2026-07-21T20:10:23.733Z,2
2026-07-21T20:20:28.074Z,2
2026-07-21T20:30:32.334Z,2
2026-07-21T20:40:24.677Z,0
2026-07-21T20:50:23.609Z,0
2026-07-21T21:00:50.928Z,0
2026-07-21T21:10:24.805Z,0
2026-07-21T21:20:24.126Z,0
2026-07-21T21:21:51.067Z,0
2026-07-21T21:30:32.024Z,0
2026-07-21T21:40:21.796Z,0
2026-07-21T21:50:24.846Z,0
2026-07-21T22:00:43.472Z,0
2026-07-21T22:10:22.900Z,0
2026-07-21T22:15:11.113Z,0
2026-07-21T22:20:23.168Z,0
2026-07-21T22:30:34.722Z,0
2026-07-21T22:40:23.308Z,0
2026-07-21T22:50:22.495Z,0
2026-07-21T23:00:41.523Z,0
2026-07-21T23:10:23.647Z,0
2026-07-21T23:12:58.675Z,0
2026-07-21T23:20:21.777Z,0
2026-07-21T23:30:29.380Z,0
2026-07-21T23:40:23.020Z,0
2026-07-21T23:50:25.606Z,0
2026-07-22T00:00:43.040Z,0
2026-07-22T00:06:19.617Z,0
2026-07-22T00:10:24.661Z,0
2026-07-22T00:20:22.908Z,0
2026-07-22T00:30:30.405Z,0
2026-07-22T00:40:21.946Z,0
2026-07-22T00:50:24.131Z,0
2026-07-22T01:00:40.337Z,0
2026-07-22T01:10:22.732Z,0
2026-07-22T01:20:25.214Z,0
2026-07-22T01:30:31.366Z,0
2026-07-22T01:40:23.472Z,0
2026-07-22T01:50:23.833Z,0
2026-07-22T02:00:40.583Z,0
2026-07-22T02:10:26.138Z,0
2026-07-22T02:20:22.341Z,0
2026-07-22T02:30:30.801Z,0
2026-07-22T02:40:24.264Z,0
2026-07-22T02:50:21.569Z,0
2026-07-22T03:00:43.604Z,0
2026-07-22T03:10:23.672Z,0
2026-07-22T03:20:22.687Z,0
2026-07-22T03:30:29.839Z,0
2026-07-22T03:37:24.079Z,0
2026-07-22T03:40:21.883Z,0
2026-07-22T03:50:23.566Z,0
2026-07-22T04:00:39.920Z,0
2026-07-22T04:10:25.144Z,1
2026-07-22T04:20:21.915Z,1
2026-07-22T04:30:29.644Z,1
2026-07-22T04:40:22.919Z,2
2026-07-22T04:50:24.925Z,2
2026-07-22T05:00:44.066Z,2
2026-07-22T05:10:21.710Z,2
2026-07-22T05:20:26.296Z,2
2026-07-22T05:30:30.806Z,4
2026-07-22T05:40:23.723Z,4
2026-07-22T05:50:22.495Z,4
2026-07-22T06:00:48.113Z,4
2026-07-22T06:10:23.312Z,4
2026-07-22T06:13:22.021Z,4
2026-07-22T06:20:26.269Z,4
2026-07-22T06:30:35.787Z,4
2026-07-22T06:40:24.412Z,4
2026-07-22T06:50:26.370Z,3
2026-07-22T07:00:41.521Z,3
2026-07-22T07:10:24.818Z,3
2026-07-22T07:20:23.768Z,3
2026-07-22T07:30:33.893Z,3
2026-07-22T07:40:24.197Z,1
2026-07-22T07:50:26.002Z,2
2026-07-22T08:00:40.955Z,4
2026-07-22T08:10:30.451Z,5
2026-07-22T08:20:28.837Z,6
2026-07-22T08:30:36.005Z,7
2026-07-22T08:40:24.514Z,7
2026-07-22T08:44:06.659Z,7
2026-07-22T08:50:24.137Z,7
2026-07-22T09:00:47.761Z,7
2026-07-22T09:10:26.319Z,7
2026-07-22T09:20:26.336Z,7
2026-07-22T09:30:31.978Z,7
2026-07-22T09:40:25.392Z,8
2026-07-22T09:50:24.589Z,8
2026-07-22T10:00:48.815Z,8
2026-07-22T10:10:23.544Z,6
2026-07-22T10:20:25.513Z,4
2026-07-22T10:30:33.033Z,4
2026-07-22T10:40:23.399Z,3
2026-07-22T10:50:25.125Z,3
2026-07-22T10:51:36.316Z,3
2026-07-22T11:00:47.594Z,3
2026-07-22T11:10:22.590Z,4
2026-07-22T11:20:25.703Z,4
2026-07-22T11:30:34.890Z,4
2026-07-22T11:40:24.335Z,4
2026-07-22T11:50:22.515Z,4
2026-07-22T12:00:49.789Z,4
2026-07-22T12:10:23.455Z,5
2026-07-22T12:17:20.809Z,4
2026-07-22T12:20:22.027Z,4
2026-07-22T12:30:32.732Z,4
2026-07-22T12:40:25.569Z,4
2026-07-22T12:50:25.562Z,4
2026-07-22T13:00:48.182Z,4
2026-07-22T13:10:23.208Z,3
2026-07-22T13:20:28.178Z,4
2026-07-22T13:30:42.477Z,4
2026-07-22T13:40:25.195Z,4
2026-07-22T13:50:28.049Z,3
2026-07-22T14:00:53.888Z,3
2026-07-22T14:10:23.275Z,5
2026-07-22T14:20:23.666Z,4
2026-07-22T14:26:51.973Z,4
2026-07-22T14:30:37.169Z,4
2026-07-22T14:40:27.956Z,4
2026-07-22T14:50:28.705Z,4
2026-07-22T15:00:46.902Z,5
2026-07-22T15:10:25.710Z,5
2026-07-22T15:20:26.174Z,6
2026-07-22T15:30:33.918Z,6
2026-07-22T15:40:29.811Z,8
2026-07-22T15:50:26.127Z,8
2026-07-22T15:57:18.568Z,11
2026-07-22T16:01:00.950Z,11
2026-07-22T16:10:25.690Z,11
2026-07-22T16:20:25.135Z,11
2026-07-22T16:30:37.892Z,15
2026-07-22T16:40:25.807Z,21
2026-07-22T16:50:23.966Z,22
2026-07-22T17:00:52.471Z,24
2026-07-22T17:10:29.785Z,22
2026-07-22T17:12:55.867Z,22
2026-07-22T17:20:25.746Z,23
2026-07-22T17:30:35.487Z,28
2026-07-22T17:40:22.443Z,26
2026-07-22T17:50:22.997Z,23
2026-07-22T18:00:44.742Z,23
2026-07-22T18:10:24.826Z,18
2026-07-22T18:20:22.645Z,16
2026-07-22T18:21:24.145Z,16
2026-07-22T18:30:35.204Z,15
2026-07-22T18:40:24.620Z,14
2026-07-22T18:50:26.139Z,11
2026-07-22T19:00:45.469Z,9
2026-07-22T19:10:23.809Z,7
2026-07-22T19:20:23.007Z,7
2026-07-22T19:30:33.235Z,7
2026-07-22T19:40:23.600Z,5
2026-07-22T19:49:51.567Z,2
2026-07-22T19:50:24.495Z,2
2026-07-22T20:10:46.523Z,2
2026-07-22T20:20:23.850Z,1
2026-07-22T20:30:32.180Z,1
2026-07-22T20:40:25.162Z,1
2026-07-22T20:49:06.408Z,1
2026-07-22T20:54:40.887Z,1
2026-07-22T21:00:54.400Z,1
2026-07-22T21:15:23.629Z,0
2026-07-22T21:20:24.698Z,0
2026-07-22T21:30:35.820Z,0
2026-07-22T21:40:23.243Z,0
2026-07-22T21:53:04.340Z,0
2026-07-22T22:00:45.902Z,0
2026-07-22T22:10:26.234Z,0
2026-07-22T22:20:21.816Z,0
2026-07-22T22:30:30.735Z,0
2026-07-22T22:40:22.006Z,0
2026-07-22T22:44:20.437Z,0
2026-07-22T22:50:22.477Z,0
2026-07-22T23:00:42.558Z,0
2026-07-22T23:10:22.581Z,0
2026-07-22T23:20:26.431Z,0
2026-07-22T23:30:30.975Z,0
2026-07-22T23:40:22.027Z,0
2026-07-22T23:42:39.840Z,0
2026-07-22T23:50:23.015Z,0
2026-07-23T00:00:45.144Z,0
2026-07-23T00:10:22.948Z,0
2026-07-23T00:20:24.278Z,0
2026-07-23T00:30:31.967Z,0
2026-07-23T00:40:21.758Z,0
2026-07-23T00:50:23.204Z,0
2026-07-23T01:00:39.957Z,0
2026-07-23T01:10:25.716Z,0
2026-07-23T01:12:12.279Z,0
2026-07-23T01:20:22.899Z,0
2026-07-23T01:30:31.106Z,0
2026-07-23T01:40:27.353Z,0
2026-07-23T01:50:22.242Z,0
2026-07-23T02:00:39.210Z,0
2026-07-23T02:10:25.034Z,0
2026-07-23T02:20:26.410Z,0
2026-07-23T02:30:31.581Z,0
2026-07-23T02:40:25.270Z,0
2026-07-23T02:50:23.242Z,0
2026-07-23T03:00:41.673Z,0
2026-07-23T03:10:23.515Z,0
2026-07-23T03:20:23.741Z,0
2026-07-23T03:30:31.061Z,0
2026-07-23T03:40:22.123Z,0
2026-07-23T03:50:24.400Z,0
2026-07-23T04:00:42.204Z,0
2026-07-23T04:10:22.443Z,0
2026-07-23T04:20:22.603Z,0
2026-07-23T04:30:32.321Z,0
2026-07-23T04:32:16.516Z,0
2026-07-23T04:40:23.857Z,1
2026-07-23T04:50:26.745Z,1
2026-07-23T05:00:39.274Z,2
2026-07-23T05:10:22.191Z,2
2026-07-23T05:20:23.284Z,2
2026-07-23T05:30:30.245Z,2
2026-07-23T05:40:24.637Z,2
2026-07-23T05:50:23.165Z,2
2026-07-23T06:01:00.206Z,2
2026-07-23T06:10:25.729Z,2
2026-07-23T06:20:22.138Z,2
2026-07-23T06:30:30.304Z,2
2026-07-23T06:40:23.133Z,2
2026-07-23T06:50:24.303Z,1
2026-07-23T07:00:44.482Z,2
2026-07-23T07:09:51.960Z,1
2026-07-23T07:10:25.179Z,1
2026-07-23T07:20:22.072Z,2
2026-07-23T07:30:35.272Z,2
2026-07-23T07:40:24.824Z,2
2026-07-23T07:50:25.342Z,2
2026-07-23T08:00:45.353Z,2
2026-07-23T08:10:22.917Z,2
2026-07-23T08:20:25.444Z,2
2026-07-23T08:30:32.808Z,2
2026-07-23T08:40:24.101Z,3
2026-07-23T08:50:24.237Z,3
2026-07-23T09:00:50.885Z,3
2026-07-23T09:10:25.204Z,2
2026-07-23T09:20:25.759Z,1
2026-07-23T09:30:36.028Z,1
2026-07-23T09:33:38.506Z,1
2026-07-23T09:40:24.908Z,1
2026-07-23T09:50:23.421Z,1
2026-07-23T10:00:46.129Z,1
2026-07-23T10:10:21.787Z,1
2026-07-23T10:20:24.021Z,2
2026-07-23T10:30:32.588Z,3
2026-07-23T10:40:24.352Z,3
2026-07-23T10:50:23.953Z,2
2026-07-23T11:00:44.731Z,2
2026-07-23T11:10:25.129Z,3
2026-07-23T11:20:22.425Z,3
2026-07-23T11:27:19.579Z,3
2026-07-23T11:30:36.687Z,4
2026-07-23T11:40:22.364Z,4
2026-07-23T11:50:21.987Z,4
2026-07-23T12:00:50.171Z,4
2026-07-23T12:10:23.439Z,4
2026-07-23T12:20:23.189Z,4
2026-07-23T12:30:37.060Z,3
2026-07-23T12:40:24.985Z,1
2026-07-23T12:50:22.804Z,1
2026-07-23T12:57:05.168Z,1
2026-07-23T13:00:51.885Z,1
2026-07-23T13:10:24.821Z,1
2026-07-23T13:20:24.404Z,0
2026-07-23T13:30:40.675Z,1
2026-07-23T13:40:27.854Z,1
2026-07-23T13:50:26.543Z,1
2026-07-23T14:00:54.384Z,1
2026-07-23T14:10:28.598Z,1
2026-07-23T14:20:25.258Z,1
2026-07-23T14:30:37.917Z,1
2026-07-23T14:40:23.080Z,1
2026-07-23T14:50:24.167Z,1
2026-07-23T15:00:45.959Z,2
2026-07-23T15:04:33.583Z,2
2026-07-23T15:10:24.227Z,2
2026-07-23T15:20:23.764Z,3
2026-07-23T15:30:39.831Z,4
2026-07-23T15:40:23.373Z,5
2026-07-23T15:50:25.213Z,5
2026-07-23T16:00:49.196Z,9
2026-07-23T16:10:25.143Z,10
2026-07-23T16:20:25.343Z,13
2026-07-23T16:30:38.292Z,16
2026-07-23T16:40:25.444Z,16
2026-07-23T16:41:39.303Z,16
2026-07-23T16:50:21.940Z,19
2026-07-23T17:00:47.121Z,22
2026-07-23T17:10:23.246Z,19
2026-07-23T17:20:24.696Z,21
2026-07-23T17:30:33.290Z,21
2026-07-23T17:40:24.266Z,19
2026-07-23T17:50:23.111Z,21
2026-07-23T17:59:28.083Z,22
2026-07-23T18:00:44.012Z,22
2026-07-23T18:10:24.452Z,23
2026-07-23T18:20:24.528Z,20
2026-07-23T18:30:34.584Z,20
2026-07-23T18:40:24.094Z,18
2026-07-23T18:50:23.661Z,15
2026-07-23T19:00:43.881Z,15
2026-07-23T19:10:23.567Z,13
2026-07-23T19:20:24.056Z,12
2026-07-23T19:30:34.060Z,11
2026-07-23T19:40:23.969Z,8
2026-07-23T19:50:23.220Z,5
2026-07-23T20:00:42.560Z,5
2026-07-23T20:10:26.375Z,5
2026-07-23T20:20:25.241Z,2
2026-07-23T20:30:33.494Z,2
2026-07-23T20:32:59.323Z,1
2026-07-23T20:40:22.368Z,1
2026-07-23T20:50:27.486Z,1
2026-07-23T21:00:46.463Z,1
2026-07-23T21:10:30.096Z,0
2026-07-23T21:20:23.344Z,0
2026-07-23T21:30:33.976Z,0
2026-07-23T21:37:50.059Z,0
2026-07-23T21:40:23.371Z,0
2026-07-23T21:50:24.546Z,0
2026-07-23T22:00:42.331Z,0
2026-07-23T22:10:24.526Z,0
2026-07-23T22:20:24.658Z,0
2026-07-23T22:30:30.479Z,0
2026-07-23T22:34:42.497Z,0
2026-07-23T22:40:24.808Z,0
2026-07-23T22:50:24.145Z,0
2026-07-23T23:00:42.113Z,0
2026-07-23T23:10:22.265Z,0
2026-07-23T23:20:21.702Z,0
2026-07-23T23:30:31.513Z,0
2026-07-23T23:31:41.026Z,0
2026-07-23T23:40:25.813Z,0
2026-07-23T23:50:23.542Z,0
2026-07-24T00:00:43.486Z,0
2026-07-24T00:10:23.583Z,0
2026-07-24T00:20:22.957Z,0
2026-07-24T00:30:32.395Z,0
2026-07-24T00:40:23.964Z,0
2026-07-24T00:50:22.768Z,0
2026-07-24T00:58:21.894Z,0
2026-07-24T01:00:42.331Z,0
2026-07-24T01:10:23.892Z,0
2026-07-24T01:20:22.230Z,0
2026-07-24T01:30:31.520Z,0
2026-07-24T01:40:22.783Z,0
2026-07-24T01:50:23.187Z,0
2026-07-24T02:00:40.138Z,0
2026-07-24T02:10:24.219Z,0
2026-07-24T02:20:23.925Z,0
2026-07-24T02:30:31.073Z,0
2026-07-24T02:40:22.577Z,0
2026-07-24T02:50:24.083Z,0
2026-07-24T03:00:50.999Z,0
2026-07-24T03:10:21.779Z,0
2026-07-24T03:20:21.327Z,0
2026-07-24T03:30:30.391Z,0
2026-07-24T03:40:25.487Z,0
2026-07-24T03:50:23.315Z,0
2026-07-24T04:00:39.322Z,1
2026-07-24T04:10:22.248Z,1
2026-07-24T04:12:51.017Z,1
2026-07-24T04:20:22.998Z,1
2026-07-24T04:30:31.409Z,1
2026-07-24T04:40:21.687Z,1
2026-07-24T04:50:22.943Z,1
2026-07-24T05:00:42.304Z,1
2026-07-24T05:10:21.813Z,1
2026-07-24T05:20:23.535Z,1
2026-07-24T05:30:31.144Z,1
2026-07-24T05:40:24.658Z,1
2026-07-24T05:50:22.556Z,1
2026-07-24T06:00:42.073Z,1
2026-07-24T06:10:23.250Z,0
2026-07-24T06:20:26.164Z,0
2026-07-24T06:30:32.971Z,0
2026-07-24T06:39:04.452Z,0
2026-07-24T06:40:22.599Z,0
2026-07-24T06:50:26.005Z,0
2026-07-24T07:00:46.822Z,0
2026-07-24T07:10:22.935Z,0
2026-07-24T07:20:22.012Z,1
2026-07-24T07:30:33.295Z,2
2026-07-24T07:40:21.349Z,2
2026-07-24T07:50:27.098Z,3
2026-07-24T08:00:53.688Z,3
2026-07-24T08:10:22.208Z,4
2026-07-24T08:20:22.718Z,4
2026-07-24T08:30:34.209Z,4
2026-07-24T08:40:22.716Z,3
2026-07-24T08:50:25.045Z,3
2026-07-24T09:00:45.576Z,3
2026-07-24T09:07:55.353Z,3
2026-07-24T09:10:23.948Z,3
2026-07-24T09:20:26.889Z,5
2026-07-24T09:30:35.007Z,5
2026-07-24T09:40:23.026Z,6
2026-07-24T09:50:24.077Z,7
2026-07-24T10:00:48.126Z,7
2026-07-24T10:10:23.349Z,8
2026-07-24T10:20:24.236Z,7
2026-07-24T10:30:37.505Z,8
2026-07-24T10:40:23.571Z,7
2026-07-24T10:50:24.226Z,8
2026-07-24T11:00:59.278Z,8
2026-07-24T11:08:20.114Z,8
2026-07-24T11:10:25.231Z,8
2026-07-24T11:20:23.380Z,6
2026-07-24T11:30:33.107Z,6
2026-07-24T11:40:22.152Z,6
2026-07-24T11:50:22.505Z,5
2026-07-24T12:00:53.666Z,5
2026-07-24T12:10:26.104Z,4
2026-07-24T12:20:23.485Z,3
2026-07-24T12:30:36.627Z,3
2026-07-24T12:40:23.883Z,3
2026-07-24T12:42:16.248Z,3
2026-07-24T12:50:23.606Z,2
2026-07-24T13:00:54.558Z,2
2026-07-24T13:10:22.632Z,1
2026-07-24T13:20:22.329Z,2
2026-07-24T13:30:32.678Z,4
2026-07-24T13:40:25.436Z,3
2026-07-24T13:50:24.958Z,3
2026-07-24T14:00:46.332Z,5
2026-07-24T14:10:23.627Z,5
2026-07-24T14:20:27.339Z,6
2026-07-24T14:24:59.282Z,6
2026-07-24T14:30:36.093Z,6
2026-07-24T14:40:22.022Z,6
2026-07-24T14:50:22.572Z,6
2026-07-24T15:00:46.759Z,6
2026-07-24T15:10:23.731Z,6
2026-07-24T15:20:21.565Z,5
2026-07-24T15:30:31.229Z,5
2026-07-24T15:40:23.506Z,4
2026-07-24T15:50:23.183Z,4
2026-07-24T15:51:08.794Z,4
2026-07-24T16:00:57.486Z,5
2026-07-24T16:11:11.741Z,5
2026-07-24T16:20:23.998Z,5
2026-07-24T16:30:36.163Z,5
2026-07-24T16:40:25.129Z,5
2026-07-24T16:50:26.738Z,8
2026-07-24T17:00:44.630Z,9
2026-07-24T17:10:22.928Z,11
2026-07-24T17:15:28.352Z,10
2026-07-24T17:20:28.618Z,12
2026-07-24T17:30:33.273Z,12
2026-07-24T17:40:25.665Z,11
2026-07-24T17:50:24.549Z,10
2026-07-24T18:00:45.465Z,10
2026-07-24T18:10:22.204Z,11
2026-07-24T18:20:22.231Z,9
2026-07-24T18:30:35.059Z,9
2026-07-24T18:40:24.954Z,9
2026-07-24T18:47:08.124Z,9
2026-07-24T18:50:22.128Z,9
2026-07-24T19:00:46.062Z,8
2026-07-24T19:10:24.108Z,6
2026-07-24T19:20:21.279Z,2
2026-07-24T19:30:34.841Z,3
2026-07-24T19:40:21.360Z,2
2026-07-24T19:50:24.737Z,1
2026-07-24T20:00:44.081Z,1
2026-07-24T20:04:27.244Z,1
2026-07-24T20:10:24.636Z,1
2026-07-24T20:20:22.950Z,1
2026-07-24T20:30:33.666Z,1
2026-07-24T20:40:22.682Z,1
2026-07-24T20:50:23.027Z,1
2026-07-24T21:00:43.311Z,1
2026-07-24T21:10:23.338Z,1
2026-07-24T21:15:39.717Z,1
2026-07-24T21:20:20.795Z,1
2026-07-24T21:30:34.812Z,1
2026-07-24T21:40:21.668Z,0
2026-07-24T21:50:21.474Z,0
2026-07-24T22:00:42.280Z,0
2026-07-24T22:10:22.930Z,0
2026-07-24T22:19:48.510Z,0
2026-07-24T22:20:25.937Z,0
2026-07-24T22:30:32.926Z,0
2026-07-24T22:40:21.134Z,0
2026-07-24T22:50:22.665Z,0
2026-07-24T23:00:41.017Z,0
2026-07-24T23:10:20.578Z,0
2026-07-24T23:20:24.176Z,0
2026-07-24T23:28:21.283Z,0
2026-07-24T23:30:28.699Z,0
2026-07-24T23:40:23.629Z,0
2026-07-24T23:50:25.230Z,0
2026-07-25T00:00:43.153Z,0
2026-07-25T00:10:20.816Z,0
2026-07-25T00:20:25.170Z,0
2026-07-25T00:30:30.619Z,0
2026-07-25T00:40:22.352Z,0
2026-07-25T00:50:24.765Z,0
2026-07-25T01:02:06.393Z,0
2026-07-25T01:10:22.030Z,0
2026-07-25T01:20:21.875Z,0
2026-07-25T01:30:34.008Z,0
2026-07-25T01:40:29.292Z,0
2026-07-25T01:50:23.337Z,0
2026-07-25T02:00:46.950Z,0
2026-07-25T02:10:22.882Z,0
2026-07-25T02:20:22.076Z,0
2026-07-25T02:30:29.358Z,0
2026-07-25T02:40:30.172Z,0
2026-07-25T02:50:22.858Z,0
2026-07-25T03:00:45.801Z,0
2026-07-25T03:10:20.945Z,0
2026-07-25T03:20:22.396Z,0
2026-07-25T03:30:29.909Z,0
2026-07-25T03:40:21.195Z,0
2026-07-25T03:50:27.132Z,0
2026-07-25T04:01:26.455Z,0
2026-07-25T04:10:24.136Z,0
2026-07-25T04:15:23.149Z,0
2026-07-25T04:20:23.413Z,0
2026-07-25T04:30:32.814Z,0
2026-07-25T04:40:23.193Z,0
2026-07-25T04:50:24.406Z,0
2026-07-25T05:00:42.372Z,0
2026-07-25T05:10:26.838Z,0
2026-07-25T05:20:23.363Z,0
2026-07-25T05:30:30.710Z,0
2026-07-25T05:40:25.359Z,0
2026-07-25T05:50:25.562Z,0
2026-07-25T06:00:44.204Z,0
2026-07-25T06:10:21.175Z,0
2026-07-25T06:20:21.955Z,0
2026-07-25T06:29:56.094Z,0
2026-07-25T06:30:29.520Z,0
2026-07-25T06:40:21.127Z,0
2026-07-25T06:50:21.426Z,0
2026-07-25T07:00:40.543Z,0
2026-07-25T07:10:22.995Z,0
2026-07-25T07:20:22.827Z,0
2026-07-25T07:30:30.409Z,0
2026-07-25T07:40:25.780Z,0
2026-07-25T07:50:22.360Z,0
2026-07-25T08:00:42.896Z,2
2026-07-25T08:10:21.557Z,3
2026-07-25T08:20:22.432Z,3
2026-07-25T08:30:33.934Z,4
2026-07-25T08:40:23.992Z,9
2026-07-25T08:50:21.191Z,11
2026-07-25T09:00:41.953Z,12
2026-07-25T09:10:23.420Z,12
2026-07-25T09:20:28.073Z,13
2026-07-25T09:30:32.466Z,12
2026-07-25T09:40:22.180Z,11
2026-07-25T09:50:22.403Z,12
2026-07-25T10:00:42.451Z,11
2026-07-25T10:09:21.621Z,9
2026-07-25T10:10:23.002Z,9
2026-07-25T10:20:23.683Z,9
2026-07-25T10:30:29.563Z,7
2026-07-25T10:40:26.959Z,6
2026-07-25T10:50:21.250Z,4
2026-07-25T11:00:44.706Z,4
2026-07-25T11:10:26.187Z,3
2026-07-25T11:20:25.060Z,3
2026-07-25T11:30:34.289Z,1
2026-07-25T11:31:22.693Z,1
2026-07-25T11:40:22.752Z,1
2026-07-25T11:50:22.255Z,1
2026-07-25T12:01:23.263Z,0
2026-07-25T12:10:23.157Z,0
2026-07-25T12:20:28.987Z,0
2026-07-25T12:30:31.419Z,0
2026-07-25T12:31:22.632Z,0
2026-07-25T12:40:23.519Z,0
2026-07-25T12:50:22.787Z,0
2026-07-25T13:00:46.244Z,0
2026-07-25T13:10:23.296Z,0
2026-07-25T13:20:28.514Z,0
2026-07-25T13:30:30.587Z,0
2026-07-25T13:40:27.098Z,0
2026-07-25T13:50:22.784Z,0
2026-07-25T14:00:43.519Z,0
2026-07-25T14:10:22.118Z,1
2026-07-25T14:11:25.348Z,1
2026-07-25T14:20:22.439Z,1
2026-07-25T14:30:31.035Z,1
2026-07-25T14:40:25.871Z,1
2026-07-25T14:50:22.010Z,1
2026-07-25T15:00:41.535Z,1
2026-07-25T15:10:23.423Z,1
2026-07-25T15:18:03.312Z,1
2026-07-25T15:20:23.767Z,1
2026-07-25T15:30:31.529Z,1
2026-07-25T15:40:24.013Z,1
2026-07-25T15:50:24.750Z,1
2026-07-25T16:00:40.389Z,1
2026-07-25T16:10:24.268Z,1
2026-07-25T16:13:31.798Z,1
2026-07-25T16:20:22.880Z,0
2026-07-25T16:30:32.339Z,0
2026-07-25T16:40:21.566Z,2
2026-07-25T16:50:24.986Z,2
2026-07-25T17:01:01.649Z,2
2026-07-25T17:10:24.301Z,2
2026-07-25T17:14:27.237Z,2
2026-07-25T17:20:23.367Z,2
2026-07-25T17:30:31.136Z,2
2026-07-25T17:40:24.212Z,2
2026-07-25T17:50:21.520Z,2
2026-07-25T18:00:41.413Z,2
2026-07-25T18:07:45.496Z,2
2026-07-25T18:10:23.965Z,2
2026-07-25T18:20:21.425Z,2
2026-07-25T18:30:31.880Z,2
2026-07-25T18:40:21.028Z,2
2026-07-25T18:50:21.895Z,0
2026-07-25T19:00:40.469Z,0
2026-07-25T19:10:24.873Z,0
2026-07-25T19:20:22.670Z,0
2026-07-25T19:30:37.115Z,0
2026-07-25T19:31:30.332Z,0
2026-07-25T19:40:21.535Z,1
2026-07-25T19:50:22.947Z,1
2026-07-25T20:00:36.497Z,1
2026-07-25T20:10:20.660Z,1
2026-07-25T20:20:22.737Z,1
2026-07-25T20:27:40.418Z,1
2026-07-25T20:30:31.349Z,1
2026-07-25T20:40:22.170Z,1
2026-07-25T20:50:21.110Z,1
2026-07-25T21:00:43.811Z,1
2026-07-25T21:10:23.501Z,1
2026-07-25T21:20:23.210Z,1
2026-07-25T21:23:25.630Z,1
2026-07-25T21:30:32.365Z,1
2026-07-25T21:40:21.578Z,1
2026-07-25T21:50:24.169Z,0
2026-07-25T22:00:44.165Z,0
2026-07-25T22:10:22.475Z,0
2026-07-25T22:13:47.515Z,0
2026-07-25T22:20:23.251Z,0
2026-07-25T22:30:33.092Z,0
2026-07-25T22:40:24.966Z,0
2026-07-25T22:50:37.719Z,0
2026-07-25T23:00:41.499Z,0
2026-07-25T23:10:25.810Z,0
2026-07-25T23:12:50.063Z,0
2026-07-25T23:20:24.592Z,0
2026-07-25T23:30:32.350Z,0
2026-07-25T23:40:24.276Z,0
2026-07-25T23:50:22.564Z,0
2026-07-26T00:00:47.773Z,0
2026-07-26T00:10:25.268Z,0
2026-07-26T00:12:49.088Z,0
2026-07-26T00:20:23.800Z,0
2026-07-26T00:30:31.767Z,0
2026-07-26T00:40:22.403Z,0
2026-07-26T00:50:24.516Z,0
2026-07-26T01:00:37.915Z,0
2026-07-26T01:10:24.856Z,0
2026-07-26T01:20:25.068Z,0
2026-07-26T01:30:29.658Z,0
2026-07-26T01:40:28.769Z,0
2026-07-26T01:50:25.626Z,0
2026-07-26T02:00:41.209Z,0
2026-07-26T02:10:26.375Z,0
2026-07-26T02:30:30.957Z,0
2026-07-26T02:40:23.226Z,0
2026-07-26T02:50:24.130Z,0
2026-07-26T03:00:41.138Z,0
2026-07-26T03:10:25.387Z,0
2026-07-26T03:20:23.674Z,0
2026-07-26T03:30:31.998Z,0
2026-07-26T03:40:23.266Z,0
2026-07-26T03:50:23.146Z,0
2026-07-26T03:54:30.938Z,0
2026-07-26T04:00:40.373Z,0
2026-07-26T04:10:22.149Z,0
2026-07-26T04:20:25.142Z,0
2026-07-26T04:30:29.151Z,0
2026-07-26T04:40:21.097Z,0
2026-07-26T04:50:23.903Z,0
2026-07-26T05:00:40.087Z,0
2026-07-26T05:10:24.489Z,0
2026-07-26T05:20:24.677Z,0
2026-07-26T05:30:29.816Z,0
2026-07-26T05:40:25.450Z,0
2026-07-26T05:50:26.444Z,0
2026-07-26T06:00:37.757Z,0
2026-07-26T06:10:24.056Z,0
2026-07-26T06:20:24.433Z,0
2026-07-26T06:27:42.951Z,0
2026-07-26T06:30:32.017Z,0
2026-07-26T06:40:25.682Z,1
2026-07-26T06:50:25.147Z,1
2026-07-26T07:00:39.591Z,1
2026-07-26T07:10:24.936Z,1
2026-07-26T07:20:24.094Z,1
2026-07-26T07:30:31.366Z,1
2026-07-26T07:40:20.958Z,1
2026-07-26T07:50:21.721Z,1
2026-07-26T08:00:36.939Z,1
2026-07-26T08:10:24.028Z,2
2026-07-26T08:20:22.855Z,2
2026-07-26T08:30:35.800Z,2
2026-07-26T08:40:22.536Z,2
2026-07-26T08:50:22.760Z,2
2026-07-26T08:55:36.340Z,3
2026-07-26T09:00:38.704Z,3
2026-07-26T09:10:23.418Z,3
2026-07-26T09:30:36.096Z,3
2026-07-26T09:40:21.965Z,3
2026-07-26T09:50:23.814Z,3
2026-07-26T10:01:24.640Z,2
2026-07-26T10:10:23.971Z,2
2026-07-26T10:20:24.385Z,1
2026-07-26T10:29:55.714Z,2
2026-07-26T10:30:30.682Z,2
2026-07-26T10:40:23.955Z,2
2026-07-26T10:50:23.564Z,2
2026-07-26T11:00:41.344Z,2
2026-07-26T11:10:23.870Z,2
2026-07-26T11:20:24.524Z,2
2026-07-26T11:30:31.916Z,2
2026-07-26T11:40:24.156Z,2
2026-07-26T11:45:20.653Z,2
2026-07-26T11:50:24.101Z,2
2026-07-26T12:00:38.332Z,2
2026-07-26T12:10:22.886Z,2
2026-07-26T12:20:24.096Z,2
2026-07-26T12:30:29.767Z,2
2026-07-26T12:40:23.907Z,1
2026-07-26T12:44:51.395Z,1
2026-07-26T12:50:21.443Z,0
2026-07-26T13:00:39.982Z,0
2026-07-26T13:10:22.049Z,0
2026-07-26T13:20:21.812Z,0
2026-07-26T13:30:31.141Z,0
2026-07-26T13:40:23.831Z,0
2026-07-26T13:50:21.355Z,0
2026-07-26T14:00:38.534Z,0
2026-07-26T14:10:22.348Z,0
2026-07-26T14:16:23.905Z,0
2026-07-26T14:20:20.721Z,0
2026-07-26T14:30:30.700Z,0
2026-07-26T14:40:23.381Z,0
2026-07-26T14:50:24.209Z,0
2026-07-26T15:00:42.441Z,0
2026-07-26T15:10:20.818Z,0
2026-07-26T15:20:22.285Z,0
2026-07-26T15:30:30.157Z,0
2026-07-26T15:31:17.330Z,0
2026-07-26T15:40:22.583Z,0
2026-07-26T15:50:22.982Z,0
2026-07-26T16:00:39.674Z,0
2026-07-26T16:10:23.801Z,0
2026-07-26T16:20:23.098Z,0
2026-07-26T16:30:25.954Z,1
2026-07-26T16:40:21.375Z,1
2026-07-26T16:50:24.275Z,2
2026-07-26T17:00:41.160Z,2
2026-07-26T17:10:22.498Z,2
2026-07-26T17:20:25.096Z,2
2026-07-26T17:30:32.783Z,2
2026-07-26T17:34:09.460Z,2
2026-07-26T17:40:21.070Z,2
2026-07-26T17:50:26.688Z,2
2026-07-26T18:00:41.304Z,4
2026-07-26T18:10:24.224Z,4
2026-07-26T18:20:27.984Z,4
2026-07-26T18:30:30.775Z,5
2026-07-26T18:36:55.695Z,4
2026-07-26T18:40:22.347Z,4
2026-07-26T18:50:22.170Z,3
2026-07-26T19:00:40.388Z,3
2026-07-26T19:10:23.095Z,3
2026-07-26T19:20:22.829Z,3
2026-07-26T19:30:29.002Z,4
2026-07-26T19:40:23.833Z,4
2026-07-26T19:47:51.994Z,4
2026-07-26T19:50:23.967Z,4
2026-07-26T20:00:38.881Z,4
2026-07-26T20:10:22.388Z,2
2026-07-26T20:20:24.550Z,2
2026-07-26T20:30:29.485Z,2
2026-07-26T20:39:24.153Z,1
2026-07-26T20:40:21.692Z,1
2026-07-26T20:50:24.558Z,1
2026-07-26T21:00:39.228Z,1
2026-07-26T21:10:21.506Z,1
2026-07-26T21:20:25.527Z,1
2026-07-26T21:30:31.608Z,1
2026-07-26T21:34:56.676Z,0
2026-07-26T21:40:21.719Z,0
2026-07-26T21:50:20.904Z,0
2026-07-26T22:00:41.415Z,0
2026-07-26T22:10:21.909Z,0
2026-07-26T22:20:23.534Z,0
2026-07-26T22:30:57.863Z,0
2026-07-26T22:35:17.112Z,0
2026-07-26T22:40:22.104Z,0
2026-07-26T22:50:24.278Z,0
2026-07-26T23:00:41.699Z,0
2026-07-26T23:10:23.870Z,0
2026-07-26T23:20:21.277Z,0
2026-07-26T23:30:30.521Z,0
2026-07-26T23:34:11.486Z,0
2026-07-26T23:40:23.477Z,0
2026-07-26T23:50:21.381Z,0
2026-07-27T00:00:42.537Z,0
2026-07-27T00:10:23.508Z,0
2026-07-27T00:20:23.226Z,0
2026-07-27T00:30:29.190Z,0
2026-07-27T00:40:22.728Z,0
2026-07-27T00:50:24.354Z,0
2026-07-27T01:00:41.776Z,0
2026-07-27T01:10:23.494Z,0
2026-07-27T01:12:52.653Z,0
2026-07-27T01:20:22.927Z,0
2026-07-27T01:30:33.053Z,0
2026-07-27T01:40:24.709Z,0
2026-07-27T01:50:24.071Z,0
2026-07-27T02:00:41.246Z,0
2026-07-27T02:10:24.842Z,0
2026-07-27T02:20:36.122Z,0
2026-07-27T02:30:28.795Z,0
2026-07-27T02:40:23.595Z,0
2026-07-27T02:50:23.546Z,0
2026-07-27T03:00:41.823Z,0
2026-07-27T03:10:24.781Z,0
2026-07-27T03:20:20.878Z,0
2026-07-27T03:30:31.217Z,0
2026-07-27T03:40:25.220Z,0
2026-07-27T03:50:23.461Z,0
2026-07-27T04:00:41.634Z,0
2026-07-27T04:10:32.306Z,0
2026-07-27T04:20:24.816Z,0
2026-07-27T04:30:34.311Z,0
2026-07-27T04:40:22.834Z,0
2026-07-27T04:50:24.544Z,0
2026-07-27T04:51:16.769Z,0
2026-07-27T05:00:41.058Z,0
2026-07-27T05:10:25.554Z,0
2026-07-27T05:20:23.045Z,0
2026-07-27T05:30:31.377Z,0
2026-07-27T05:40:23.290Z,0
2026-07-27T05:50:21.299Z,0
2026-07-27T06:00:48.719Z,1
2026-07-27T06:10:25.569Z,1
2026-07-27T06:20:23.428Z,1
2026-07-27T06:30:35.500Z,1
2026-07-27T06:40:23.973Z,1
2026-07-27T06:50:21.791Z,1
2026-07-27T07:00:42.587Z,1
2026-07-27T07:10:24.311Z,1
2026-07-27T07:20:26.280Z,3
2026-07-27T07:30:31.467Z,3
2026-07-27T07:40:23.505Z,3
2026-07-27T07:50:25.634Z,3
2026-07-27T08:00:47.839Z,3
2026-07-27T08:10:24.288Z,2
2026-07-27T08:17:50.144Z,2
2026-07-27T08:20:22.149Z,2
2026-07-27T08:30:36.987Z,2
2026-07-27T08:40:22.769Z,1
2026-07-27T08:50:21.689Z,1
2026-07-27T09:00:48.973Z,1
2026-07-27T09:10:23.449Z,2
2026-07-27T09:20:22.452Z,1
2026-07-27T09:30:33.074Z,1
2026-07-27T09:40:23.153Z,1
2026-07-27T09:50:23.289Z,1
2026-07-27T10:00:46.785Z,2
2026-07-27T10:10:24.580Z,2
2026-07-27T10:20:26.113Z,5
2026-07-27T10:30:34.246Z,6
2026-07-27T10:40:24.027Z,6
2026-07-27T10:50:21.580Z,6
2026-07-27T11:00:45.913Z,5
2026-07-27T11:10:24.368Z,4
2026-07-27T11:20:32.078Z,4
2026-07-27T11:30:30.152Z,5
2026-07-27T11:40:23.906Z,5
2026-07-27T11:43:31.437Z,5
2026-07-27T11:50:24.914Z,5
2026-07-27T12:00:54.315Z,6
2026-07-27T12:10:24.728Z,6
2026-07-27T12:20:22.542Z,4
2026-07-27T12:30:36.086Z,6
2026-07-27T12:40:24.447Z,3
2026-07-27T12:50:22.245Z,3
2026-07-27T13:00:54.991Z,4
2026-07-27T13:10:24.491Z,5
2026-07-27T13:20:25.074Z,6
2026-07-27T13:30:36.453Z,6
2026-07-27T13:40:21.797Z,6
2026-07-27T13:50:26.768Z,6
2026-07-27T13:58:09.975Z,6
2026-07-27T14:00:50.048Z,6
2026-07-27T14:10:24.536Z,7
2026-07-27T14:20:26.504Z,7
2026-07-27T14:30:37.605Z,8
2026-07-27T14:40:23.638Z,6
2026-07-27T14:50:24.901Z,7
2026-07-27T15:00:48.606Z,8
2026-07-27T15:10:28.429Z,8
2026-07-27T15:20:22.827Z,10
2026-07-27T15:30:34.013Z,10
2026-07-27T15:40:27.666Z,8
2026-07-27T15:50:25.290Z,11
2026-07-27T16:00:47.879Z,14
2026-07-27T16:10:24.039Z,14
2026-07-27T16:16:41.055Z,14
2026-07-27T16:20:31.143Z,14
2026-07-27T16:30:38.430Z,18
2026-07-27T16:40:22.392Z,17
2026-07-27T16:50:30.386Z,18
2026-07-27T17:00:43.241Z,19
2026-07-27T17:10:21.719Z,17
2026-07-27T17:20:25.698Z,18
2026-07-27T17:30:34.963Z,20
2026-07-27T17:40:24.185Z,22
2026-07-27T17:50:28.853Z,19
2026-07-27T17:57:08.834Z,19
2026-07-27T18:00:49.194Z,19
2026-07-27T18:10:24.341Z,12
2026-07-27T18:20:28.004Z,13
2026-07-27T18:30:37.613Z,12
2026-07-27T18:40:25.587Z,10
2026-07-27T18:50:36.608Z,7
2026-07-27T19:00:47.355Z,6
2026-07-27T19:10:22.752Z,6
2026-07-27T19:20:04.857Z,4
2026-07-27T19:20:23.641Z,4
2026-07-27T19:30:31.640Z,4
2026-07-27T19:40:31.629Z,3
2026-07-27T19:50:28.440Z,3
2026-07-27T20:00:41.895Z,3
2026-07-27T20:10:31.561Z,1
2026-07-27T20:20:23.054Z,0
2026-07-27T20:30:34.387Z,0
2026-07-27T20:40:23.809Z,0
2026-07-27T20:47:03.275Z,0
2026-07-27T20:50:30.611Z,0
2026-07-27T21:00:56.916Z,0
2026-07-27T21:10:23.408Z,0
2026-07-27T21:20:21.997Z,0
2026-07-27T21:30:38.113Z,0
2026-07-27T21:40:24.679Z,0
2026-07-27T21:50:01.997Z,0
2026-07-27T21:50:28.766Z,0
2026-07-27T22:00:47.683Z,0
2026-07-27T22:10:23.133Z,0
2026-07-27T22:20:22.897Z,0
2026-07-27T22:30:39.204Z,0
2026-07-27T22:40:32.007Z,0
2026-07-27T22:45:12.467Z,0
2026-07-27T22:50:24.639Z,0
2026-07-27T23:00:49.311Z,0
2026-07-27T23:10:24.233Z,0
2026-07-27T23:20:27.843Z,0
2026-07-27T23:30:30.826Z,0
2026-07-27T23:40:24.181Z,0
2026-07-27T23:46:37.139Z,0
2026-07-27T23:50:21.695Z,0
2026-07-28T00:00:43.283Z,0
2026-07-28T00:10:27.862Z,0
2026-07-28T00:20:21.343Z,0
2026-07-28T00:30:30.329Z,0
2026-07-28T00:40:27.506Z,0
2026-07-28T00:50:21.565Z,0
2026-07-28T01:00:40.499Z,0
2026-07-28T01:06:54.934Z,0
2026-07-28T01:10:23.866Z,0
2026-07-28T01:20:20.985Z,0
2026-07-28T01:30:37.927Z,0
2026-07-28T01:40:21.501Z,0
2026-07-28T01:50:22.427Z,0
2026-07-28T02:00:40.371Z,0
2026-07-28T02:10:21.344Z,0
2026-07-28T02:20:29.539Z,0
2026-07-28T02:30:30.180Z,0
2026-07-28T02:40:27.121Z,0
2026-07-28T02:50:31.106Z,0
2026-07-28T03:00:49.411Z,0
2026-07-28T03:10:22.983Z,0
2026-07-28T03:20:22.471Z,0
2026-07-28T03:30:30.422Z,0
2026-07-28T03:40:21.337Z,0
2026-07-28T03:50:22.102Z,0
2026-07-28T04:00:46.781Z,0
2026-07-28T04:10:21.364Z,0
2026-07-28T04:20:28.431Z,1
2026-07-28T04:21:16.422Z,1
2026-07-28T04:30:31.923Z,1
2026-07-28T04:40:22.802Z,1
2026-07-28T04:50:21.779Z,1
2026-07-28T05:00:37.500Z,1
2026-07-28T05:10:21.322Z,1
2026-07-28T05:20:28.124Z,1
2026-07-28T05:30:36.872Z,1
2026-07-28T05:40:21.087Z,1
2026-07-28T05:50:23.480Z,2
2026-07-28T06:00:43.808Z,2
2026-07-28T06:10:22.898Z,2
2026-07-28T06:20:23.871Z,2
2026-07-28T06:30:33.228Z,2
2026-07-28T06:40:31.189Z,1
2026-07-28T06:45:37.473Z,1
2026-07-28T06:50:24.558Z,1
2026-07-28T07:00:44.284Z,1
2026-07-28T07:10:28.551Z,1
2026-07-28T07:20:26.323Z,1
2026-07-28T07:30:32.513Z,1
2026-07-28T07:40:25.489Z,2
2026-07-28T07:50:24.904Z,1
2026-07-28T08:00:52.144Z,2
2026-07-28T08:10:29.498Z,2
2026-07-28T08:20:27.746Z,2
2026-07-28T08:30:33.192Z,3
2026-07-28T08:40:28.998Z,3
2026-07-28T08:50:26.404Z,3
2026-07-28T09:00:46.918Z,4
2026-07-28T09:10:26.759Z,4
2026-07-28T09:20:28.635Z,5
2026-07-28T09:27:12.044Z,5
2026-07-28T09:30:32.021Z,5
2026-07-28T09:40:21.751Z,5
2026-07-28T09:50:31.050Z,4
2026-07-28T10:00:45.786Z,3
2026-07-28T10:10:24.299Z,2
2026-07-28T10:20:22.971Z,4
2026-07-28T10:30:35.409Z,4
2026-07-28T10:40:30.904Z,4
2026-07-28T11:00:54.345Z,4
2026-07-28T11:10:23.359Z,3
2026-07-28T11:20:28.054Z,3
2026-07-28T11:30:43.806Z,2
2026-07-28T11:33:54.498Z,2
2026-07-28T11:40:31.830Z,2
2026-07-28T11:50:22.243Z,2
2026-07-28T12:00:54.019Z,2
2026-07-28T12:10:25.016Z,2
2026-07-28T12:20:24.169Z,2
2026-07-28T12:30:37.598Z,2
2026-07-28T12:40:28.034Z,2
2026-07-28T12:50:25.611Z,3
2026-07-28T13:00:54.663Z,3
2026-07-28T13:10:31.752Z,4
2026-07-28T13:13:40.267Z,4
2026-07-28T13:20:31.204Z,3
2026-07-28T13:30:42.249Z,4
2026-07-28T13:40:31.864Z,4
2026-07-28T13:50:28.250Z,4
2026-07-28T14:05:44.493Z,4
2026-07-28T14:10:26.886Z,4
2026-07-28T14:20:22.965Z,4
2026-07-28T14:30:37.141Z,4
2026-07-28T14:40:26.899Z,4
2026-07-28T14:50:27.856Z,3
2026-07-28T15:00:51.641Z,4
2026-07-28T15:10:35.616Z,5
2026-07-28T15:20:27.621Z,4
2026-07-28T15:30:36.109Z,6
2026-07-28T15:34:01.017Z,6
2026-07-28T15:40:32.102Z,6
2026-07-28T15:50:25.487Z,6
2026-07-28T16:00:46.832Z,9
2026-07-28T16:10:24.409Z,10
2026-07-28T16:20:24.564Z,14
2026-07-28T16:30:38.842Z,16
2026-07-28T16:40:24.368Z,14
2026-07-28T16:50:22.951Z,17
2026-07-28T17:00:47.781Z,22
2026-07-28T17:03:59.948Z,21
2026-07-28T17:10:32.611Z,21
2026-07-28T17:20:29.843Z,19
2026-07-28T17:30:39.139Z,20
2026-07-28T17:40:24.752Z,21
2026-07-28T17:50:29.160Z,21
2026-07-28T18:00:44.663Z,21
2026-07-28T18:10:32.865Z,21
2026-07-28T18:20:25.969Z,20
2026-07-28T18:21:56.710Z,21
2026-07-28T18:30:44.004Z,21
2026-07-28T18:40:24.159Z,20
2026-07-28T19:00:50.938Z,17
2026-07-28T19:10:25.439Z,12
2026-07-28T19:20:31.972Z,9
2026-07-28T19:30:45.346Z,9
2026-07-28T19:40:30.195Z,7
2026-07-28T19:50:31.085Z,7
2026-07-28T19:56:33.147Z,7
2026-07-28T20:00:38.331Z,7
2026-07-28T20:10:27.983Z,4
2026-07-28T20:20:25.240Z,3
2026-07-28T20:30:35.162Z,3
2026-07-28T20:40:22.491Z,2
2026-07-28T20:50:27.397Z,0
2026-07-28T21:00:46.448Z,0
2026-07-28T21:02:45.115Z,0
2026-07-28T21:10:28.344Z,0
2026-07-28T21:20:32.915Z,0
2026-07-28T21:30:31.464Z,0
2026-07-28T21:40:32.636Z,0
2026-07-28T21:50:21.579Z,0
2026-07-28T22:00:41.219Z,0
2026-07-28T22:10:24.265Z,0
2026-07-28T22:12:25.504Z,0
2026-07-28T22:20:22.821Z,0
2026-07-28T22:30:37.201Z,0
2026-07-28T22:40:28.554Z,0
2026-07-28T22:50:27.555Z,0
2026-07-28T23:00:41.033Z,0
2026-07-28T23:10:31.108Z,0
2026-07-28T23:14:47.690Z,0
2026-07-28T23:20:25.640Z,0
2026-07-28T23:30:32.050Z,0
2026-07-28T23:40:31.709Z,0
2026-07-28T23:50:23.542Z,0
2026-07-29T00:00:53.732Z,0
2026-07-29T00:09:38.969Z,0
2026-07-29T00:10:25.304Z,0
2026-07-29T00:20:23.880Z,0
2026-07-29T00:30:32.098Z,0
2026-07-29T00:40:21.458Z,0
2026-07-29T00:50:21.367Z,0
2026-07-29T01:00:39.124Z,0
2026-07-29T01:10:25.557Z,0
2026-07-29T01:20:24.090Z,0
2026-07-29T01:30:32.569Z,0
2026-07-29T01:40:31.312Z,0
2026-07-29T01:50:28.233Z,0
2026-07-29T02:00:39.248Z,0
2026-07-29T02:10:23.991Z,0
2026-07-29T02:20:21.270Z,0
2026-07-29T02:30:37.247Z,0
2026-07-29T02:40:24.503Z,0
2026-07-29T02:50:21.504Z,0
2026-07-29T03:00:44.017Z,0
2026-07-29T03:10:23.140Z,0
2026-07-29T03:20:21.880Z,0
2026-07-29T03:30:32.180Z,0
2026-07-29T03:34:21.089Z,0
2026-07-29T03:40:30.318Z,0
2026-07-29T03:50:28.525Z,0
2026-07-29T04:00:39.529Z,0
2026-07-29T04:10:25.210Z,0
2026-07-29T04:20:24.952Z,0
2026-07-29T04:30:39.218Z,0
2026-07-29T04:40:24.216Z,0
2026-07-29T04:50:33.249Z,0
2026-07-29T05:00:47.800Z,0
2026-07-29T05:10:27.116Z,0
2026-07-29T05:20:27.972Z,1
2026-07-29T05:30:29.703Z,1
2026-07-29T05:40:28.593Z,1
2026-07-29T05:50:22.306Z,1
2026-07-29T06:00:48.775Z,2
2026-07-29T06:10:23.087Z,2
2026-07-29T06:16:08.857Z,2
2026-07-29T06:20:23.565Z,2
2026-07-29T06:30:37.257Z,2
2026-07-29T06:40:28.402Z,2
2026-07-29T06:50:22.529Z,2
2026-07-29T07:00:46.330Z,2
2026-07-29T07:10:22.746Z,2
2026-07-29T07:20:31.198Z,1
2026-07-29T07:30:44.545Z,1
2026-07-29T07:40:22.943Z,1
2026-07-29T07:50:31.737Z,3
2026-07-29T08:00:42.809Z,3
2026-07-29T08:10:29.020Z,2
2026-07-29T08:20:29.361Z,2
2026-07-29T08:30:31.828Z,2
2026-07-29T08:40:23.815Z,4
2026-07-29T08:50:32.195Z,5
2026-07-29T09:00:49.176Z,5
2026-07-29T09:10:25.121Z,5
2026-07-29T09:11:05.505Z,5
2026-07-29T09:20:25.105Z,4
2026-07-29T09:30:35.797Z,4
2026-07-29T09:40:23.065Z,4
2026-07-29T09:50:26.406Z,4
2026-07-29T10:00:48.131Z,4
2026-07-29T10:10:24.665Z,3
2026-07-29T10:20:26.353Z,3
2026-07-29T10:30:33.016Z,3
2026-07-29T10:40:24.531Z,4
2026-07-29T10:50:26.078Z,2
2026-07-29T11:00:49.227Z,3
2026-07-29T11:10:24.234Z,1
2026-07-29T11:20:25.341Z,2
2026-07-29T11:30:42.606Z,4
2026-07-29T11:32:52.419Z,4
2026-07-29T11:40:32.385Z,4
2026-07-29T11:50:23.098Z,4
2026-07-29T12:00:49.413Z,6
2026-07-29T12:10:25.358Z,6
2026-07-29T12:20:22.881Z,6
2026-07-29T12:30:39.939Z,6
2026-07-29T12:40:22.443Z,6
2026-07-29T12:50:32.176Z,7
2026-07-29T13:00:42.776Z,7
2026-07-29T13:10:29.021Z,6
2026-07-29T13:16:48.247Z,6
2026-07-29T13:20:33.080Z,6
2026-07-29T13:30:38.682Z,6
2026-07-29T13:40:29.113Z,4
2026-07-29T13:50:25.659Z,4
2026-07-29T14:00:43.207Z,4
2026-07-29T14:10:35.553Z,2
2026-07-29T14:20:30.485Z,2
2026-07-29T14:30:33.450Z,2
2026-07-29T14:40:24.994Z,2
2026-07-29T14:50:24.158Z,1
2026-07-29T15:00:51.331Z,1
2026-07-29T15:10:26.010Z,2
2026-07-29T15:20:23.492Z,1
2026-07-29T15:21:21.940Z,1
2026-07-29T15:30:34.323Z,3
2026-07-29T15:40:33.520Z,3
2026-07-29T15:50:29.933Z,7
2026-07-29T16:00:44.794Z,7
2026-07-29T16:10:31.871Z,8
2026-07-29T16:20:29.042Z,9
2026-07-29T16:30:33.920Z,9
2026-07-29T16:40:35.355Z,9
2026-07-29T16:41:31.516Z,9
2026-07-29T16:50:30.589Z,11
2026-07-29T17:00:47.715Z,12
2026-07-29T17:10:23.749Z,12
2026-07-29T17:20:22.456Z,13
2026-07-29T17:30:33.864Z,15
2026-07-29T17:40:23.489Z,11
2026-07-29T17:50:25.634Z,11
2026-07-29T17:53:54.395Z,11
2026-07-29T18:00:45.629Z,12
2026-07-29T18:10:23.067Z,7
2026-07-29T18:20:23.560Z,6
2026-07-29T18:30:40.215Z,6
2026-07-29T18:40:24.266Z,7
2026-07-29T18:45:48.222Z,7
2026-07-29T18:50:23.406Z,7
2026-07-29T19:00:42.930Z,7
2026-07-29T19:10:26.689Z,6
2026-07-29T19:20:31.428Z,4
2026-07-29T19:30:32.774Z,4
2026-07-29T19:40:30.432Z,2
2026-07-29T19:50:23.278Z,2
2026-07-29T20:00:43.783Z,2
2026-07-29T20:02:27.951Z,2
2026-07-29T20:10:22.816Z,1
2026-07-29T20:20:21.638Z,1
2026-07-29T20:30:33.533Z,1
2026-07-29T20:40:30.850Z,0
2026-07-29T20:50:28.519Z,0
2026-07-29T21:00:43.866Z,0
2026-07-29T21:06:25.241Z,0
2026-07-29T21:10:22.048Z,0
2026-07-29T21:20:23.105Z,0
2026-07-29T21:30:39.652Z,0
2026-07-29T21:40:24.325Z,0
2026-07-29T21:50:28.548Z,0
2026-07-29T22:00:43.478Z,0
2026-07-29T22:09:10.086Z,0
2026-07-29T22:10:23.812Z,0
2026-07-29T22:20:24.473Z,0
2026-07-29T22:30:39.181Z,0
2026-07-29T22:40:25.281Z,0
2026-07-29T22:50:24.811Z,0
2026-07-29T23:00:41.487Z,0
2026-07-29T23:10:25.734Z,0
2026-07-29T23:11:08.641Z,0
2026-07-29T23:20:24.034Z,0
2026-07-29T23:30:34.524Z,0
2026-07-29T23:40:22.498Z,0
2026-07-29T23:50:30.414Z,0
2026-07-30T00:00:49.273Z,0
2026-07-30T00:08:38.769Z,0
2026-07-30T00:10:23.845Z,0
2026-07-30T00:20:24.671Z,0
2026-07-30T00:30:32.903Z,0
2026-07-30T00:40:29.065Z,0
2026-07-30T00:50:22.791Z,0
2026-07-30T01:00:47.778Z,0
2026-07-30T01:10:22.515Z,0
2026-07-30T01:20:21.851Z,0
2026-07-30T01:30:36.532Z,0
2026-07-30T01:40:31.476Z,0
2026-07-30T01:50:24.752Z,0
2026-07-30T02:00:45.587Z,0
2026-07-30T02:10:22.176Z,0
2026-07-30T02:20:24.549Z,0
2026-07-30T02:30:32.218Z,0
2026-07-30T02:40:24.299Z,0
2026-07-30T02:50:23.324Z,0
2026-07-30T03:00:48.167Z,0
2026-07-30T03:10:22.125Z,0
2026-07-30T03:20:29.197Z,0
2026-07-30T03:22:04.426Z,0
2026-07-30T03:30:32.018Z,0
2026-07-30T03:40:23.642Z,0
2026-07-30T03:50:24.132Z,0
2026-07-30T04:00:41.586Z,0
2026-07-30T04:10:23.587Z,0
2026-07-30T04:20:28.062Z,0
2026-07-30T04:30:30.613Z,0
2026-07-30T04:40:28.288Z,0
2026-07-30T04:50:21.519Z,0
2026-07-30T05:00:38.456Z,1
2026-07-30T05:10:25.215Z,2
2026-07-30T05:20:27.822Z,2
2026-07-30T05:30:32.602Z,2
2026-07-30T05:40:22.625Z,2
2026-07-30T05:50:28.738Z,2
2026-07-30T06:00:44.224Z,2
2026-07-30T06:02:45.265Z,2
2026-07-30T06:10:26.092Z,2
2026-07-30T06:20:22.433Z,2
2026-07-30T06:30:38.081Z,2
2026-07-30T06:40:24.094Z,2
2026-07-30T06:50:30.375Z,2
2026-07-30T07:00:42.598Z,2
2026-07-30T07:10:25.310Z,1
2026-07-30T07:20:26.860Z,0
2026-07-30T07:30:31.938Z,0
2026-07-30T07:40:22.961Z,1
2026-07-30T07:50:31.211Z,1
2026-07-30T08:00:40.437Z,2
2026-07-30T08:10:22.159Z,3
2026-07-30T08:20:23.711Z,3
2026-07-30T08:30:36.823Z,3
2026-07-30T08:40:26.085Z,3
2026-07-30T08:42:51.360Z,3
2026-07-30T08:50:22.023Z,3
2026-07-30T09:00:40.218Z,4
2026-07-30T09:10:28.393Z,4
2026-07-30T09:20:24.664Z,5
2026-07-30T09:30:30.797Z,5
2026-07-30T09:40:27.216Z,5
2026-07-30T09:50:23.223Z,4
2026-07-30T10:00:41.073Z,6
2026-07-30T10:10:28.292Z,7
2026-07-30T10:20:27.372Z,6
2026-07-30T10:30:32.793Z,6
2026-07-30T10:40:22.816Z,6
2026-07-30T10:50:22.252Z,7
2026-07-30T11:00:41.259Z,6
2026-07-30T11:10:28.559Z,6
2026-07-30T11:20:24.463Z,6
2026-07-30T11:30:30.695Z,6
2026-07-30T11:40:24.814Z,5
2026-07-30T11:50:22.159Z,5
2026-07-30T12:00:46.876Z,4
2026-07-30T12:10:22.770Z,3
2026-07-30T12:17:38.576Z,2
2026-07-30T12:20:23.432Z,2
2026-07-30T12:30:37.085Z,1
2026-07-30T12:40:35.193Z,1
2026-07-30T12:50:24.611Z,1
2026-07-30T13:00:43.202Z,1
2026-07-30T13:10:27.890Z,1
2026-07-30T13:20:29.884Z,0
2026-07-30T13:30:40.342Z,0
2026-07-30T13:40:25.564Z,0
2026-07-30T13:50:28.011Z,0
2026-07-30T14:00:44.062Z,0
2026-07-30T14:10:24.626Z,0
2026-07-30T14:20:30.681Z,0
2026-07-30T14:30:32.810Z,0
2026-07-30T14:35:34.772Z,0
2026-07-30T14:40:30.682Z,0
2026-07-30T14:50:25.555Z,0
2026-07-30T15:00:41.495Z,0
2026-07-30T15:10:22.817Z,1
2026-07-30T15:20:24.893Z,1
2026-07-30T15:30:32.188Z,1
2026-07-30T15:40:24.065Z,1
2026-07-30T15:50:23.246Z,1
2026-07-30T16:00:41.702Z,2
2026-07-30T16:10:22.511Z,3
2026-07-30T16:10:40.476Z,3
2026-07-30T16:20:29.358Z,3
2026-07-30T16:30:39.057Z,9
2026-07-30T16:40:25.758Z,10
2026-07-30T16:50:23.093Z,9
2026-07-30T17:00:42.069Z,11
2026-07-30T17:10:29.587Z,12
2026-07-30T17:20:33.388Z,12
2026-07-30T17:30:36.216Z,14
2026-07-30T17:40:24.725Z,14
2026-07-30T17:45:59.491Z,14
2026-07-30T17:50:24.012Z,14
2026-07-30T18:00:42.779Z,12
2026-07-30T18:10:25.149Z,12
2026-07-30T18:20:24.796Z,12
2026-07-30T18:30:32.814Z,12
2026-07-30T18:40:23.793Z,10
2026-07-30T18:50:33.464Z,9
2026-07-30T19:00:44.542Z,9
2026-07-30T19:01:50.687Z,9
2026-07-30T19:10:28.107Z,10
2026-07-30T19:20:31.653Z,10
2026-07-30T19:30:33.733Z,10
2026-07-30T19:40:33.469Z,7
2026-07-30T19:50:31.288Z,6
2026-07-30T20:00:44.683Z,6
2026-07-30T20:10:23.388Z,6
2026-07-30T20:20:15.707Z,4
2026-07-30T20:30:34.234Z,4
2026-07-30T20:40:27.322Z,3
2026-07-30T20:50:22.183Z,2
2026-07-30T21:00:49.292Z,2
2026-07-30T21:10:30.534Z,2
2026-07-30T21:20:24.153Z,1
2026-07-30T21:30:31.128Z,1
2026-07-30T21:35:54.322Z,1
2026-07-30T21:40:22.139Z,1
2026-07-30T21:50:30.282Z,0
2026-07-30T22:00:41.199Z,0
2026-07-30T22:10:23.786Z,0
2026-07-30T22:20:29.623Z,0
2026-07-30T22:30:41.557Z,0
2026-07-30T22:40:23.357Z,0
2026-07-30T22:41:18.461Z,0
2026-07-30T22:50:22.374Z,0
2026-07-30T23:00:46.667Z,0
2026-07-30T23:10:25.532Z,0
2026-07-30T23:20:21.658Z,0
2026-07-30T23:30:32.308Z,0
2026-07-30T23:40:16.706Z,0
2026-07-30T23:50:27.187Z,0
2026-07-31T00:00:43.626Z,0
2026-07-31T00:10:27.872Z,0
2026-07-31T00:20:21.946Z,0
2026-07-31T00:30:31.827Z,0
2026-07-31T00:40:32.735Z,0
2026-07-31T00:50:23.548Z,0
2026-07-31T01:00:38.957Z,0
2026-07-31T01:10:21.498Z,0
2026-07-31T01:11:06.705Z,0
2026-07-31T01:20:23.757Z,0
2026-07-31T01:30:32.296Z,0
2026-07-31T01:40:23.942Z,0
2026-07-31T01:50:25.411Z,0
2026-07-31T02:00:41.083Z,0
2026-07-31T02:10:27.090Z,0
2026-07-31T02:20:20.911Z,0
2026-07-31T02:30:32.046Z,0
2026-07-31T02:40:22.517Z,0
2026-07-31T02:50:21.544Z,0
2026-07-31T03:00:41.581Z,0
2026-07-31T03:10:22.865Z,0
2026-07-31T03:20:20.902Z,0
2026-07-31T03:30:30.642Z,0
2026-07-31T03:40:23.760Z,0
2026-07-31T03:50:22.954Z,0
2026-07-31T04:00:38.826Z,0
2026-07-31T04:10:22.161Z,1
2026-07-31T04:20:29.835Z,1
2026-07-31T04:30:29.500Z,1
2026-07-31T04:36:49.819Z,1
2026-07-31T04:40:23.486Z,1
2026-07-31T04:50:22.800Z,1
2026-07-31T05:00:39.612Z,2
2026-07-31T05:10:22.628Z,2
2026-07-31T05:20:26.872Z,2
2026-07-31T05:30:39.815Z,2
2026-07-31T05:40:24.289Z,2
2026-07-31T05:50:20.531Z,1
2026-07-31T06:00:38.617Z,1
2026-07-31T06:10:23.689Z,1
2026-07-31T06:20:23.139Z,0
2026-07-31T06:30:31.435Z,0
2026-07-31T06:40:31.003Z,0
2026-07-31T06:50:24.282Z,0
2026-07-31T07:00:39.103Z,0
2026-07-31T07:10:25.075Z,0
2026-07-31T07:20:23.430Z,0
2026-07-31T07:29:41.316Z,0
2026-07-31T07:30:34.382Z,0
2026-07-31T07:40:27.648Z,0
2026-07-31T07:50:25.412Z,0
2026-07-31T08:00:45.605Z,1
2026-07-31T08:10:25.605Z,1
2026-07-31T08:20:24.741Z,1
2026-07-31T08:30:31.664Z,2
2026-07-31T08:40:28.676Z,3
2026-07-31T08:50:22.143Z,3
2026-07-31T09:00:39.207Z,3
2026-07-31T09:10:21.541Z,2
2026-07-31T09:20:24.573Z,3
2026-07-31T09:30:30.142Z,3
2026-07-31T09:40:28.695Z,4
2026-07-31T09:50:23.848Z,4
2026-07-31T10:00:42.262Z,2
2026-07-31T10:05:45.068Z,2
2026-07-31T10:10:24.295Z,3
2026-07-31T10:20:24.369Z,4
2026-07-31T10:30:32.601Z,4
2026-07-31T10:40:29.591Z,4
2026-07-31T10:50:24.088Z,2
2026-07-31T11:00:45.690Z,2
2026-07-31T11:10:30.313Z,2
2026-07-31T11:20:23.597Z,3
2026-07-31T11:30:31.487Z,3
2026-07-31T11:40:25.984Z,3
2026-07-31T11:50:33.884Z,2
2026-07-31T12:00:48.933Z,1
2026-07-31T12:08:46.914Z,1
2026-07-31T12:10:30.172Z,1
2026-07-31T12:20:24.016Z,0
2026-07-31T12:30:38.742Z,0
2026-07-31T12:40:25.318Z,0
2026-07-31T12:50:21.575Z,0
2026-07-31T13:00:43.325Z,0
2026-07-31T13:10:26.523Z,1
2026-07-31T13:20:29.303Z,1
2026-07-31T13:30:38.137Z,1
2026-07-31T13:40:29.397Z,1
2026-07-31T13:50:32.568Z,1
2026-07-31T14:00:43.534Z,1
2026-07-31T14:10:28.041Z,1
2026-07-31T14:20:22.842Z,1
2026-07-31T14:30:34.653Z,1
2026-07-31T14:31:29.167Z,1
2026-07-31T14:40:24.604Z,1
2026-07-31T14:50:31.452Z,1
2026-07-31T15:00:42.526Z,1
2026-07-31T15:10:26.015Z,0
2026-07-31T15:20:24.066Z,0
2026-07-31T15:30:33.371Z,0
2026-07-31T15:40:28.397Z,0
2026-07-31T15:50:25.808Z,1
2026-07-31T16:00:45.194Z,1
2026-07-31T16:10:21.581Z,1
2026-07-31T16:17:52.406Z,3
2026-07-31T16:20:29.911Z,3
2026-07-31T16:30:33.099Z,3
2026-07-31T16:40:34.156Z,3
2026-07-31T16:50:23.149Z,3
2026-07-31T17:00:50.488Z,4
2026-07-31T17:10:31.930Z,7
2026-07-31T17:20:25.516Z,6
2026-07-31T17:30:38.517Z,5
2026-07-31T17:40:26.029Z,5
2026-07-31T17:50:25.193Z,5
2026-07-31T17:55:43.616Z,5
2026-07-31T18:00:53.743Z,5
2026-07-31T18:10:25.364Z,6
2026-07-31T18:20:30.387Z,6
2026-07-31T18:35:37.343Z,4
2026-07-31T18:40:32.110Z,4
2026-07-31T18:50:33.569Z,3
2026-07-31T19:00:45.014Z,3
2026-07-31T19:10:27.704Z,2
2026-07-31T19:20:23.350Z,1
2026-07-31T19:31:46.880Z,2
2026-07-31T19:40:24.726Z,2
2026-07-31T19:50:27.642Z,2
2026-07-31T20:01:43.263Z,2
2026-07-31T20:10:24.400Z,2
2026-07-31T20:20:30.491Z,1
2026-07-31T20:30:36.429Z,1
2026-07-31T20:36:57.279Z,1
2026-07-31T20:40:29.978Z,1
2026-07-31T20:50:26.390Z,1
2026-07-31T21:00:41.887Z,1
2026-07-31T21:10:30.971Z,1
2026-07-31T21:20:27.034Z,1
2026-07-31T21:30:31.499Z,1
2026-07-31T21:40:28.194Z,0
2026-07-31T21:42:26.527Z,0
2026-07-31T21:50:30.649Z,0
2026-07-31T22:00:44.777Z,0
2026-07-31T22:10:26.795Z,0
2026-07-31T22:20:22.009Z,0
2026-07-31T22:30:39.302Z,0
2026-07-31T22:40:20.943Z,0
2026-07-31T22:41:26.934Z,0
2026-07-31T22:54:20.400Z,0
2026-07-31T23:00:40.324Z,0
2026-07-31T23:10:22.822Z,0
2026-07-31T23:20:22.553Z,0
2026-07-31T23:30:35.102Z,0
2026-07-31T23:40:27.868Z,0
2026-07-31T23:50:23.310Z,0
2026-08-01T00:00:48.513Z,0
2026-08-01T00:10:27.040Z,0
2026-08-01T00:20:23.488Z,0
2026-08-01T00:31:09.022Z,0
2026-08-01T00:40:33.987Z,0
2026-08-01T00:50:23.948Z,0
2026-08-01T01:00:39.948Z,0
2026-08-01T01:10:24.872Z,0
2026-08-01T01:11:58.706Z,0
2026-08-01T01:20:22.823Z,0
2026-08-01T01:30:31.844Z,0
2026-08-01T01:40:24.379Z,0
2026-08-01T01:50:21.093Z,0
2026-08-01T02:00:41.279Z,0
2026-08-01T02:10:24.331Z,0
2026-08-01T02:20:23.833Z,0
2026-08-01T02:30:31.362Z,0
2026-08-01T02:40:22.806Z,0
2026-08-01T02:50:27.265Z,0
2026-08-01T03:00:46.768Z,0
2026-08-01T03:10:25.875Z,0
2026-08-01T03:20:25.503Z,0
2026-08-01T03:30:29.814Z,0
2026-08-01T03:40:24.099Z,0
2026-08-01T03:50:24.722Z,0
2026-08-01T04:00:39.046Z,0
2026-08-01T04:10:28.222Z,1
2026-08-01T04:20:22.237Z,1
2026-08-01T04:30:31.867Z,1
2026-08-01T04:34:04.161Z,1
2026-08-01T04:40:22.640Z,1
2026-08-01T04:50:22.756Z,1
2026-08-01T05:00:43.989Z,1
2026-08-01T05:10:20.988Z,1
2026-08-01T05:20:20.950Z,1
2026-08-01T05:30:53.464Z,1
2026-08-01T05:40:25.056Z,1
2026-08-01T05:50:24.800Z,1
2026-08-01T06:00:47.684Z,1
2026-08-01T06:10:31.480Z,1
2026-08-01T06:20:29.280Z,0
2026-08-01T06:30:30.600Z,1
2026-08-01T06:40:32.407Z,1
2026-08-01T06:50:24.629Z,1
2026-08-01T07:00:39.090Z,1
2026-08-01T07:04:48.347Z,1
2026-08-01T07:10:30.066Z,1
2026-08-01T07:20:21.680Z,1
2026-08-01T07:30:30.331Z,1
2026-08-01T07:40:23.939Z,2
2026-08-01T07:50:29.223Z,3
2026-08-01T08:00:40.676Z,6
2026-08-01T08:10:21.570Z,8
2026-08-01T08:20:23.037Z,7
2026-08-01T08:30:29.816Z,7
2026-08-01T08:40:23.643Z,8
2026-08-01T08:50:26.288Z,11
2026-08-01T09:00:44.483Z,11
2026-08-01T09:10:22.743Z,11
2026-08-01T09:14:24.878Z,11
2026-08-01T09:20:27.691Z,11
2026-08-01T09:30:29.358Z,11
2026-08-01T09:40:26.433Z,12
2026-08-01T09:50:21.711Z,10
2026-08-01T10:00:41.544Z,11
2026-08-01T10:10:23.221Z,6
2026-08-01T10:20:25.874Z,6
2026-08-01T10:30:30.016Z,6
2026-08-01T10:40:27.108Z,5
2026-08-01T10:48:55.450Z,4
2026-08-01T10:50:22.890Z,4
2026-08-01T11:00:38.853Z,4
2026-08-01T11:10:22.641Z,4
2026-08-01T11:30:30.501Z,5
2026-08-01T11:40:23.611Z,5
2026-08-01T11:49:39.495Z,4
2026-08-01T11:50:23.254Z,4
2026-08-01T12:00:45.150Z,4
2026-08-01T12:10:22.303Z,3
2026-08-01T12:20:28.624Z,1
2026-08-01T12:30:29.205Z,1
2026-08-01T12:40:23.907Z,1
2026-08-01T12:42:43.368Z,1
2026-08-01T12:50:20.926Z,1
2026-08-01T13:00:40.101Z,2
2026-08-01T13:10:31.976Z,2
2026-08-01T13:20:23.055Z,2
2026-08-01T13:30:33.547Z,2
2026-08-01T13:40:25.653Z,1
2026-08-01T13:50:21.844Z,1
2026-08-01T14:00:43.396Z,1
2026-08-01T14:10:24.956Z,2
2026-08-01T14:12:20.349Z,2
2026-08-01T14:20:20.380Z,2
2026-08-01T14:30:31.885Z,2
2026-08-01T14:40:21.288Z,2
2026-08-01T14:50:27.936Z,2
2026-08-01T15:00:40.695Z,2
2026-08-01T15:10:28.967Z,1
2026-08-01T15:17:48.187Z,1
2026-08-01T15:20:22.544Z,1
2026-08-01T15:30:39.968Z,1
2026-08-01T15:40:22.544Z,1
2026-08-01T15:50:23.450Z,1
2026-08-01T16:00:46.243Z,1
2026-08-01T16:10:24.121Z,1
2026-08-01T16:15:39.970Z,1
2026-08-01T16:20:23.031Z,0
2026-08-01T16:30:32.276Z,0
2026-08-01T16:40:24.415Z,0
2026-08-01T16:50:29.244Z,0
2026-08-01T17:01:20.843Z,0
2026-08-01T17:10:24.132Z,0
2026-08-01T17:16:28.809Z,0
2026-08-01T17:20:22.949Z,0
2026-08-01T17:30:33.780Z,0
2026-08-01T17:40:24.143Z,0
2026-08-01T17:50:25.040Z,0
2026-08-01T18:00:39.819Z,0
2026-08-01T18:10:29.962Z,0
2026-08-01T18:12:42.824Z,0
2026-08-01T18:20:23.139Z,0
2026-08-01T18:30:32.618Z,0
2026-08-01T18:40:22.784Z,0
2026-08-01T18:50:21.611Z,1
2026-08-01T19:00:43.027Z,1
2026-08-01T19:10:21.493Z,1
2026-08-01T19:20:27.191Z,1
2026-08-01T19:30:30.023Z,1
2026-08-01T19:32:38.696Z,1
2026-08-01T19:40:23.690Z,1
2026-08-01T19:50:21.414Z,1
2026-08-01T20:00:46.483Z,1
2026-08-01T20:10:28.108Z,1
2026-08-01T20:20:29.511Z,1
2026-08-01T20:28:15.992Z,1
2026-08-01T20:30:38.404Z,1
2026-08-01T20:40:21.713Z,1
2026-08-01T20:50:21.942Z,1
2026-08-01T21:00:44.816Z,1
2026-08-01T21:10:21.278Z,0
2026-08-01T21:20:28.791Z,0
2026-08-01T21:24:32.623Z,0
2026-08-01T21:30:30.468Z,0
2026-08-01T21:40:27.945Z,0
2026-08-01T21:50:23.741Z,0
2026-08-01T22:00:40.044Z,0
2026-08-01T22:10:21.273Z,0
2026-08-01T22:20:30.925Z,0
2026-08-01T22:23:28.349Z,0
2026-08-01T22:30:32.570Z,0
2026-08-01T22:40:23.021Z,0
2026-08-01T22:50:22.763Z,0
2026-08-01T23:00:42.643Z,0
2026-08-01T23:10:31.325Z,0
2026-08-01T23:20:29.582Z,0
2026-08-01T23:23:40.822Z,0
2026-08-01T23:30:31.608Z,0
2026-08-01T23:40:23.280Z,0
2026-08-01T23:50:29.224Z,0
2026-08-02T00:00:41.253Z,0
2026-08-02T00:10:26.710Z,0
2026-08-02T00:20:29.146Z,0
2026-08-02T00:30:32.364Z,0
2026-08-02T00:40:28.212Z,0
2026-08-02T00:50:29.730Z,0
2026-08-02T01:02:24.467Z,0
2026-08-02T01:10:23.694Z,0
2026-08-02T01:20:32.581Z,0
2026-08-02T01:30:36.313Z,0
2026-08-02T01:40:23.755Z,0
2026-08-02T01:50:25.977Z,0
2026-08-02T02:00:42.849Z,0
2026-08-02T02:10:24.866Z,0
2026-08-02T02:20:27.435Z,0
2026-08-02T02:30:30.917Z,0
2026-08-02T02:40:22.834Z,0
2026-08-02T02:50:21.491Z,0
2026-08-02T03:00:44.378Z,0
2026-08-02T03:10:21.765Z,0
2026-08-02T03:20:28.178Z,0
2026-08-02T03:30:29.972Z,0
2026-08-02T03:40:30.562Z,0
2026-08-02T03:50:21.461Z,0
2026-08-02T04:00:40.545Z,0
2026-08-02T04:10:30.827Z,0
2026-08-02T04:20:24.911Z,0
2026-08-02T04:25:50.220Z,0
2026-08-02T04:30:29.742Z,0
2026-08-02T04:40:28.489Z,0
2026-08-02T04:50:23.150Z,1
2026-08-02T05:00:37.424Z,1
2026-08-02T05:10:28.328Z,1
2026-08-02T05:20:24.189Z,1
2026-08-02T05:30:29.404Z,1
2026-08-02T05:40:20.965Z,3
2026-08-02T05:50:23.888Z,3
2026-08-02T06:00:42.745Z,3
2026-08-02T06:10:20.642Z,3
2026-08-02T06:20:22.907Z,3
2026-08-02T06:30:31.644Z,3
2026-08-02T06:40:25.155Z,4
2026-08-02T06:50:22.915Z,3
2026-08-02T07:00:38.977Z,3
2026-08-02T07:05:38.002Z,3
2026-08-02T07:10:23.853Z,3
2026-08-02T07:20:24.039Z,4
2026-08-02T07:30:31.724Z,4
2026-08-02T07:40:21.158Z,2
2026-08-02T07:50:30.592Z,2
2026-08-02T08:00:39.850Z,2
2026-08-02T08:10:24.445Z,2
2026-08-02T08:20:22.071Z,2
2026-08-02T08:30:37.043Z,2
2026-08-02T08:40:23.715Z,2
2026-08-02T08:50:30.293Z,2
2026-08-02T09:00:39.704Z,2
2026-08-02T09:10:22.994Z,2
2026-08-02T09:17:34.185Z,2
2026-08-02T09:20:21.013Z,2
2026-08-02T09:30:29.859Z,2
2026-08-02T09:40:21.135Z,1
2026-08-02T09:50:25.391Z,1
2026-08-02T10:00:40.397Z,1
2026-08-02T10:10:22.135Z,1
2026-08-02T10:20:28.800Z,1
2026-08-02T10:30:30.808Z,1
2026-08-02T10:40:23.437Z,1
2026-08-02T10:50:21.437Z,1
2026-08-02T10:51:50.390Z,1
2026-08-02T11:00:44.699Z,1
2026-08-02T11:10:21.898Z,0
2026-08-02T11:20:27.253Z,0
2026-08-02T11:30:36.333Z,0
2026-08-02T11:40:28.378Z,0
2026-08-02T11:48:05.563Z,0
2026-08-02T11:50:21.165Z,0
2026-08-02T12:00:37.232Z,0
2026-08-02T12:10:21.647Z,0
2026-08-02T12:20:20.547Z,0
2026-08-02T12:30:34.544Z,0
2026-08-02T12:40:22.549Z,0
2026-08-02T12:43:31.190Z,0
2026-08-02T12:50:22.262Z,0
2026-08-02T13:00:38.776Z,1
2026-08-02T13:10:23.792Z,1
2026-08-02T13:20:24.426Z,3
2026-08-02T13:30:35.535Z,3
2026-08-02T13:40:22.287Z,3
2026-08-02T13:50:22.227Z,4
2026-08-02T14:00:38.451Z,4
2026-08-02T14:10:29.128Z,4
2026-08-02T14:13:58.914Z,4
2026-08-02T14:20:22.176Z,4
2026-08-02T14:30:29.269Z,4
2026-08-02T14:40:30.298Z,4
2026-08-02T14:50:22.676Z,4
2026-08-02T15:00:37.907Z,4
2026-08-02T15:10:21.936Z,3
2026-08-02T15:19:48.518Z,1
2026-08-02T15:20:22.735Z,1
2026-08-02T15:30:30.595Z,2
2026-08-02T15:40:27.314Z,2
2026-08-02T15:50:23.292Z,1
2026-08-02T16:00:41.363Z,1
2026-08-02T16:10:21.954Z,1
2026-08-02T16:16:51.659Z,1
2026-08-02T16:20:22.364Z,1
2026-08-02T16:30:30.886Z,1
2026-08-02T16:40:26.922Z,1
2026-08-02T16:50:24.459Z,1
2026-08-02T17:00:38.981Z,1
2026-08-02T17:10:23.652Z,1
2026-08-02T17:18:15.321Z,1
2026-08-02T17:20:23.255Z,1
2026-08-02T17:30:29.262Z,2
2026-08-02T17:40:22.505Z,1
2026-08-02T17:50:28.808Z,1
2026-08-02T18:00:47.478Z,1
2026-08-02T18:10:23.604Z,1
2026-08-02T18:14:00.854Z,1
2026-08-02T18:20:28.092Z,1
2026-08-02T18:30:32.530Z,1
2026-08-02T18:40:23.559Z,2
2026-08-02T18:50:25.016Z,3
2026-08-02T19:00:38.822Z,3
2026-08-02T19:10:21.955Z,3
2026-08-02T19:20:28.474Z,3
2026-08-02T19:30:29.659Z,3
2026-08-02T19:34:47.698Z,2
2026-08-02T19:40:26.157Z,2
2026-08-02T19:50:23.371Z,2
2026-08-02T20:00:38.803Z,2
2026-08-02T20:10:27.749Z,2
2026-08-02T20:20:22.888Z,2
2026-08-02T20:30:37.640Z,2
2026-08-02T20:31:15.964Z,2
2026-08-02T20:40:20.854Z,2
2026-08-02T20:50:22.458Z,0
2026-08-02T21:00:40.120Z,0
2026-08-02T21:10:21.390Z,0
2026-08-02T21:20:20.779Z,0
2026-08-02T21:27:05.535Z,0
2026-08-02T21:30:29.971Z,0
2026-08-02T21:40:29.748Z,0
2026-08-02T21:50:27.727Z,0
2026-08-02T22:00:39.238Z,0
2026-08-02T22:10:23.819Z,0
2026-08-02T22:26:05.705Z,0
2026-08-02T22:30:28.984Z,0
2026-08-02T22:40:21.615Z,0
2026-08-02T22:50:27.130Z,0
2026-08-02T23:00:43.691Z,0
2026-08-02T23:10:23.560Z,0
2026-08-02T23:20:22.129Z,0
2026-08-02T23:27:15.289Z,0
2026-08-02T23:30:37.384Z,0
2026-08-02T23:40:22.429Z,0
2026-08-02T23:50:23.381Z,0
2026-08-03T00:00:43.181Z,0
2026-08-03T00:10:24.462Z,0
2026-08-03T00:20:21.589Z,0
2026-08-03T00:30:32.455Z,0
2026-08-03T00:40:59.764Z,0
2026-08-03T00:50:23.312Z,0
2026-08-03T01:00:38.689Z,0
2026-08-03T01:05:14.210Z,0
2026-08-03T01:10:21.565Z,0
2026-08-03T01:20:28.902Z,0
2026-08-03T01:30:29.059Z,0
2026-08-03T01:40:20.894Z,0
2026-08-03T01:50:27.594Z,0
2026-08-03T02:00:40.328Z,0
2026-08-03T02:10:23.618Z,0
2026-08-03T02:20:27.601Z,0
2026-08-03T02:30:28.703Z,0
2026-08-03T02:40:21.552Z,0
2026-08-03T02:50:23.724Z,0
2026-08-03T03:00:41.744Z,0
2026-08-03T03:10:23.598Z,0
2026-08-03T03:20:23.161Z,0
2026-08-03T03:30:30.882Z,0
2026-08-03T03:40:30.075Z,0
2026-08-03T03:50:21.001Z,0
2026-08-03T04:00:44.889Z,0
2026-08-03T04:10:20.951Z,1
2026-08-03T04:20:22.834Z,1
2026-08-03T04:30:30.340Z,1
2026-08-03T04:39:22.255Z,2
2026-08-03T04:40:21.459Z,2
2026-08-03T04:50:22.533Z,2
2026-08-03T05:00:46.400Z,2
2026-08-03T05:10:23.611Z,2
2026-08-03T05:20:26.207Z,2
2026-08-03T05:30:31.734Z,2
2026-08-03T05:40:29.089Z,2
2026-08-03T05:50:23.298Z,2
2026-08-03T06:00:49.078Z,2
2026-08-03T06:10:21.246Z,2
2026-08-03T06:20:23.564Z,1
2026-08-03T06:30:37.413Z,1
2026-08-03T06:40:29.197Z,1
2026-08-03T06:50:24.942Z,0
2026-08-03T07:00:45.611Z,0
2026-08-03T07:10:27.708Z,0
2026-08-03T07:20:30.418Z,0
2026-08-03T07:30:30.928Z,0
2026-08-03T07:40:34.801Z,0
2026-08-03T07:50:44.463Z,0
2026-08-03T08:00:48.124Z,0
2026-08-03T08:01:11.292Z,0
2026-08-03T08:11:18.473Z,0
2026-08-03T08:20:23.658Z,1
2026-08-03T08:31:03.920Z,1
2026-08-03T08:40:23.562Z,1
2026-08-03T08:50:52.920Z,1
2026-08-03T09:01:14.175Z,1
2026-08-03T09:10:22.809Z,2
2026-08-03T09:20:51.216Z,1
2026-08-03T09:30:40.882Z,1
2026-08-03T09:40:31.051Z,1
2026-08-03T09:50:21.606Z,2
2026-08-03T10:00:40.718Z,4
2026-08-03T10:10:21.828Z,4
2026-08-03T10:20:22.177Z,5
2026-08-03T10:30:33.801Z,5
2026-08-03T10:40:23.967Z,5
2026-08-03T10:50:25.645Z,5
2026-08-03T11:00:42.094Z,5
2026-08-03T11:10:29.409Z,5
2026-08-03T11:20:22.312Z,4
2026-08-03T11:30:32.164Z,4
2026-08-03T11:33:51.926Z,4
2026-08-03T11:40:25.223Z,5
2026-08-03T11:50:23.198Z,5
2026-08-03T12:00:41.697Z,4
2026-08-03T12:10:23.177Z,2
2026-08-03T12:20:28.146Z,2
2026-08-03T12:30:31.539Z,2
2026-08-03T12:40:22.234Z,3
2026-08-03T12:50:24.692Z,3
2026-08-03T13:00:48.825Z,3
2026-08-03T13:10:32.250Z,3
2026-08-03T13:20:26.500Z,6
2026-08-03T13:30:39.399Z,7
2026-08-03T13:40:25.110Z,7
2026-08-03T13:50:24.545Z,6
2026-08-03T13:58:30.028Z,6
2026-08-03T14:00:52.361Z,6
2026-08-03T14:10:26.504Z,6
2026-08-03T14:30:32.545Z,5
2026-08-03T14:40:29.599Z,6
2026-08-03T14:50:22.437Z,5
2026-08-03T15:00:54.842Z,5
2026-08-03T15:10:29.801Z,7
2026-08-03T15:20:23.291Z,7
2026-08-03T15:30:34.587Z,8
2026-08-03T15:40:26.953Z,8
2026-08-03T15:50:30.054Z,8
2026-08-03T16:00:49.476Z,11
2026-08-03T16:10:28.187Z,11
2026-08-03T16:20:24.300Z,13
2026-08-03T16:24:33.952Z,13
2026-08-03T16:30:33.911Z,15
2026-08-03T16:40:22.515Z,14
2026-08-03T16:50:28.489Z,12
2026-08-03T17:00:43.398Z,18
2026-08-03T17:10:28.563Z,18
2026-08-03T17:20:25.527Z,18
2026-08-03T17:30:34.376Z,17
2026-08-03T17:40:25.485Z,14
2026-08-03T17:50:24.893Z,15
2026-08-03T18:00:42.250Z,15
2026-08-03T18:10:26.410Z,13
2026-08-03T18:13:59.546Z,11
2026-08-03T18:20:30.130Z,11
2026-08-03T18:30:35.012Z,11
2026-08-03T18:40:24.190Z,8
2026-08-03T18:50:24.662Z,7
2026-08-03T19:00:52.098Z,6
2026-08-03T19:10:22.420Z,5
2026-08-03T19:20:36.311Z,4
2026-08-03T19:30:31.145Z,4
2026-08-03T19:40:23.280Z,2
2026-08-03T19:50:23.598Z,2
2026-08-03T19:57:35.034Z,2
2026-08-03T20:00:45.460Z,2
2026-08-03T20:10:22.320Z,2
2026-08-03T20:20:22.434Z,2
2026-08-03T20:30:35.376Z,2
2026-08-03T20:40:21.351Z,2
2026-08-03T20:50:24.948Z,2
2026-08-03T20:59:03.002Z,2
2026-08-03T21:00:46.567Z,2
2026-08-03T21:10:26.210Z,2
2026-08-03T21:20:22.635Z,2
2026-08-03T21:30:29.525Z,2
2026-08-03T21:40:20.469Z,2
2026-08-03T21:50:29.663Z,0
2026-08-03T22:00:39.762Z,0
2026-08-03T22:09:14.161Z,0
2026-08-03T22:10:25.303Z,0
2026-08-03T22:20:29.392Z,0
2026-08-03T22:30:33.128Z,0
2026-08-03T22:40:22.138Z,0
2026-08-03T22:50:22.959Z,0
2026-08-03T23:00:40.721Z,0
2026-08-03T23:10:22.684Z,0
2026-08-03T23:17:00.364Z,0
2026-08-03T23:20:22.708Z,0
2026-08-03T23:30:32.707Z,0
2026-08-03T23:40:20.893Z,0
2026-08-03T23:50:28.752Z,0
2026-08-04T00:00:50.284Z,0
2026-08-04T00:10:23.155Z,0
2026-08-04T00:16:20.470Z,0
2026-08-04T00:20:21.805Z,0
2026-08-04T00:30:36.890Z,0
2026-08-04T00:40:20.976Z,0
2026-08-04T00:50:20.698Z,0
2026-08-04T01:00:42.173Z,0
2026-08-04T01:10:21.172Z,0
2026-08-04T01:20:21.086Z,0
2026-08-04T01:30:37.619Z,0
2026-08-04T01:40:21.294Z,0
2026-08-04T01:50:29.173Z,0
2026-08-04T02:00:38.448Z,0
2026-08-04T02:10:21.093Z,0
2026-08-04T02:20:24.129Z,0
2026-08-04T02:30:39.602Z,0
2026-08-04T02:40:22.877Z,0
2026-08-04T02:50:30.108Z,0
2026-08-04T03:00:43.303Z,0
2026-08-04T03:10:20.918Z,0
2026-08-04T03:20:27.014Z,0
2026-08-04T03:30:30.043Z,0
2026-08-04T03:40:15.086Z,0
2026-08-04T03:50:28.252Z,0
2026-08-04T04:00:44.231Z,0
2026-08-04T04:10:23.542Z,2
2026-08-04T04:20:22.125Z,3
2026-08-04T04:30:31.513Z,3
2026-08-04T04:40:23.765Z,2
2026-08-04T04:50:22.988Z,2
2026-08-04T05:00:44.673Z,2
2026-08-04T05:10:28.022Z,2
2026-08-04T05:20:24.583Z,2
2026-08-04T05:30:36.061Z,2
2026-08-04T05:40:22.222Z,2
2026-08-04T05:50:28.050Z,2
2026-08-04T06:00:43.259Z,2
2026-08-04T06:10:24.680Z,0
2026-08-04T06:14:21.663Z,0
2026-08-04T06:20:28.464Z,0
2026-08-04T06:30:37.360Z,0
2026-08-04T06:40:24.671Z,0
2026-08-04T06:50:25.437Z,0
2026-08-04T07:00:49.471Z,0
2026-08-04T07:10:31.222Z,0
2026-08-04T07:20:32.131Z,0
2026-08-04T07:30:39.181Z,0
2026-08-04T07:40:29.718Z,0
2026-08-04T07:50:23.062Z,0
2026-08-04T08:00:41.591Z,0
2026-08-04T08:10:31.800Z,0
2026-08-04T08:20:23.424Z,0
2026-08-04T08:30:33.755Z,1
2026-08-04T08:40:32.211Z,2
2026-08-04T08:50:29.309Z,2
2026-08-04T09:00:42.198Z,2
2026-08-04T09:07:58.158Z,2
2026-08-04T09:10:29.545Z,2
2026-08-04T09:20:25.412Z,2
2026-08-04T09:30:31.715Z,2
2026-08-04T09:40:31.638Z,2
2026-08-04T09:50:30.758Z,3
2026-08-04T10:00:42.364Z,3
2026-08-04T10:10:23.232Z,4
2026-08-04T10:20:22.461Z,6
2026-08-04T10:30:34.566Z,6
2026-08-04T10:40:25.974Z,5
2026-08-04T10:50:29.365Z,4
2026-08-04T11:00:48.690Z,3
2026-08-04T11:10:28.389Z,3
2026-08-04T11:20:23.780Z,3
2026-08-04T11:30:29.753Z,3
2026-08-04T11:31:28.159Z,3
2026-08-04T11:40:25.474Z,3
2026-08-04T11:50:21.840Z,2
2026-08-04T12:00:50.468Z,2
2026-08-04T12:10:24.488Z,2
2026-08-04T12:20:30.903Z,0
2026-08-04T12:30:34.156Z,0
2026-08-04T12:40:23.895Z,0
2026-08-04T12:50:25.693Z,0
2026-08-04T13:00:46.874Z,1
2026-08-04T13:10:30.686Z,2
2026-08-04T13:16:50.961Z,2
2026-08-04T13:20:30.657Z,2
2026-08-04T13:30:38.110Z,2
2026-08-04T13:40:29.070Z,2
2026-08-04T13:50:30.399Z,2
2026-08-04T14:00:43.928Z,2
2026-08-04T14:10:25.146Z,2
2026-08-04T14:20:23.323Z,2
2026-08-04T14:30:37.364Z,2
2026-08-04T14:40:24.328Z,2
2026-08-04T14:50:26.477Z,3
2026-08-04T15:00:49.138Z,3
2026-08-04T15:10:32.382Z,4
2026-08-04T15:20:26.144Z,4
2026-08-04T15:30:39.171Z,4
2026-08-04T15:37:23.620Z,5
2026-08-04T15:40:24.811Z,5
2026-08-04T15:50:24.479Z,7
2026-08-04T16:00:47.711Z,10
2026-08-04T16:10:29.734Z,12
2026-08-04T16:20:37.681Z,13
2026-08-04T16:30:33.947Z,14
2026-08-04T16:40:21.463Z,14
2026-08-04T16:50:29.368Z,14
2026-08-04T17:00:53.921Z,15
2026-08-04T17:10:29.921Z,14
2026-08-04T17:15:53.474Z,12
2026-08-04T17:20:23.918Z,13
2026-08-04T17:30:36.753Z,12
2026-08-04T17:40:23.231Z,14
2026-08-04T17:50:34.995Z,13
2026-08-04T18:00:41.604Z,12
2026-08-04T18:10:30.088Z,13
2026-08-04T18:20:29.067Z,11
2026-08-04T18:30:33.873Z,9
2026-08-04T18:40:29.736Z,9
2026-08-04T18:50:30.106Z,10
2026-08-04T18:54:56.910Z,11
2026-08-04T19:00:46.701Z,11
2026-08-04T19:10:23.172Z,11
2026-08-04T19:20:31.094Z,10
2026-08-04T19:30:37.626Z,10
2026-08-04T19:40:33.915Z,10
2026-08-04T19:50:22.111Z,7
2026-08-04T20:00:48.466Z,6
2026-08-04T20:10:30.398Z,6
2026-08-04T20:17:14.023Z,4
2026-08-04T20:20:22.828Z,4
2026-08-04T20:30:30.860Z,4
2026-08-04T20:41:17.499Z,4
2026-08-04T20:50:27.914Z,3
2026-08-04T21:00:41.606Z,3
2026-08-04T21:10:31.215Z,2
2026-08-04T21:20:25.221Z,2
2026-08-04T21:30:31.979Z,2
2026-08-04T21:38:48.805Z,1
2026-08-04T21:40:30.291Z,1
2026-08-04T21:50:24.466Z,1
2026-08-04T22:00:49.465Z,1
2026-08-04T22:10:31.212Z,0
2026-08-04T22:20:22.023Z,0
2026-08-04T22:30:37.638Z,0
2026-08-04T22:40:21.696Z,0
2026-08-04T22:41:09.095Z,0
2026-08-04T22:50:23.668Z,0
2026-08-04T23:00:39.206Z,0
2026-08-04T23:10:22.294Z,0
2026-08-04T23:20:30.388Z,0
2026-08-04T23:30:41.311Z,0
2026-08-04T23:40:24.782Z,0
2026-08-04T23:41:06.825Z,0
2026-08-04T23:50:30.773Z,0
2026-08-05T00:00:47.506Z,0
2026-08-05T00:10:22.549Z,0
2026-08-05T00:20:30.865Z,0
2026-08-05T00:30:35.068Z,0
2026-08-05T00:40:30.947Z,0
2026-08-05T00:50:32.489Z,0
2026-08-05T01:00:43.545Z,0
2026-08-05T01:02:34.722Z,0
2026-08-05T01:10:28.936Z,0
2026-08-05T01:20:30.488Z,0
2026-08-05T01:30:44.911Z,0
2026-08-05T01:40:23.415Z,0
2026-08-05T01:50:30.062Z,0
2026-08-05T02:00:45.590Z,0
2026-08-05T02:10:25.813Z,0
2026-08-05T02:20:23.157Z,0
2026-08-05T02:30:33.724Z,0
2026-08-05T02:40:27.247Z,0
2026-08-05T02:50:22.425Z,0
2026-08-05T03:00:42.423Z,0
2026-08-05T03:10:32.106Z,0
2026-08-05T03:20:22.236Z,0
2026-08-05T03:30:30.629Z,0
2026-08-05T03:40:23.253Z,0
2026-08-05T03:50:24.427Z,0
2026-08-05T04:00:47.474Z,0
2026-08-05T04:10:21.588Z,1
2026-08-05T04:18:10.896Z,1
2026-08-05T04:20:26.535Z,1
2026-08-05T04:30:32.121Z,1
2026-08-05T04:40:22.979Z,1
2026-08-05T04:50:22.748Z,1
2026-08-05T05:00:40.646Z,1
2026-08-05T05:10:21.469Z,1
2026-08-05T05:20:21.119Z,1
2026-08-05T05:30:33.643Z,1
2026-08-05T05:40:26.050Z,2
2026-08-05T05:50:25.101Z,2
2026-08-05T06:01:17.414Z,4
2026-08-05T06:10:24.938Z,4
2026-08-05T06:20:29.515Z,3
2026-08-05T06:30:36.847Z,3
2026-08-05T06:40:23.861Z,3
2026-08-05T06:44:57.936Z,3
2026-08-05T06:50:22.728Z,3
2026-08-05T07:00:49.676Z,3
2026-08-05T07:10:28.217Z,3
2026-08-05T07:20:21.784Z,2
2026-08-05T07:30:32.503Z,2
2026-08-05T07:40:29.811Z,3
2026-08-05T07:50:29.314Z,2
2026-08-05T08:00:46.741Z,2
2026-08-05T08:10:26.427Z,1
2026-08-05T08:20:29.747Z,1
2026-08-05T08:30:42.499Z,1
2026-08-05T08:40:24.437Z,1
2026-08-05T08:50:23.651Z,1
2026-08-05T09:00:45.479Z,1
2026-08-05T09:10:30.503Z,1
2026-08-05T09:20:29.174Z,1
2026-08-05T09:26:56.098Z,2
2026-08-05T09:30:34.761Z,4
2026-08-05T09:40:23.210Z,5
2026-08-05T09:50:22.023Z,4
2026-08-05T10:00:43.504Z,4
2026-08-05T10:10:25.058Z,4
2026-08-05T10:20:34.748Z,7
2026-08-05T10:30:33.952Z,8
2026-08-05T10:40:23.193Z,8
2026-08-05T10:50:30.209Z,7
2026-08-05T11:00:40.914Z,7
2026-08-05T11:10:27.041Z,6
2026-08-05T11:20:23.091Z,5
2026-08-05T11:30:32.661Z,5
2026-08-05T11:35:53.244Z,2
2026-08-05T11:40:22.731Z,2
2026-08-05T11:50:33.353Z,2
2026-08-05T12:00:42.973Z,2
2026-08-05T12:10:24.911Z,2
2026-08-05T12:20:31.475Z,1
2026-08-05T12:30:33.886Z,1
2026-08-05T12:40:21.372Z,2
2026-08-05T12:50:28.929Z,2
2026-08-05T13:00:50.194Z,2
2026-08-05T13:10:23.699Z,2
2026-08-05T13:16:31.463Z,2
2026-08-05T13:20:24.231Z,2
2026-08-05T13:30:35.411Z,2
2026-08-05T13:40:24.285Z,2
2026-08-05T13:50:32.139Z,2
2026-08-05T14:00:45.569Z,1
2026-08-05T14:10:27.289Z,0
2026-08-05T14:20:24.559Z,0
2026-08-05T14:30:37.433Z,4
2026-08-05T14:40:30.441Z,5
2026-08-05T14:50:30.274Z,6
2026-08-05T15:00:52.347Z,7
2026-08-05T15:10:29.935Z,7
2026-08-05T15:20:25.123Z,7
2026-08-05T15:29:11.646Z,7
2026-08-05T15:30:40.003Z,7
2026-08-05T15:40:29.201Z,7
2026-08-05T15:50:33.555Z,7
2026-08-05T16:00:53.238Z,7
2026-08-05T16:10:31.431Z,7
2026-08-05T16:20:24.100Z,7
2026-08-05T16:30:35.727Z,11
2026-08-05T16:40:24.386Z,9
2026-08-05T16:50:23.747Z,11
2026-08-05T17:00:55.249Z,14
2026-08-05T17:02:24.487Z,14
2026-08-05T17:10:28.781Z,16
2026-08-05T17:20:32.902Z,17
2026-08-05T17:30:34.040Z,17
2026-08-05T17:40:22.822Z,20
2026-08-05T17:50:23.839Z,20
2026-08-05T18:00:46.258Z,21
2026-08-05T18:10:26.696Z,19
2026-08-05T18:20:27.519Z,21
2026-08-05T18:30:31.651Z,19
2026-08-05T18:40:25.176Z,17
2026-08-05T18:40:48.354Z,17
2026-08-05T18:50:24.060Z,14
2026-08-05T19:00:48.819Z,14
2026-08-05T19:10:29.878Z,9
2026-08-05T19:20:31.070Z,5
2026-08-05T19:30:39.460Z,5
2026-08-05T19:40:28.897Z,3
2026-08-05T19:50:28.469Z,1
2026-08-05T20:00:47.806Z,1
2026-08-05T20:10:25.156Z,0
2026-08-05T20:13:09.644Z,0
2026-08-05T20:20:28.348Z,0
2026-08-05T20:30:38.305Z,0
2026-08-05T20:40:23.124Z,0
2026-08-05T20:50:26.519Z,0
2026-08-05T21:00:54.214Z,0
2026-08-05T21:10:32.078Z,0
2026-08-05T21:20:25.335Z,0
2026-08-05T21:30:32.894Z,0
2026-08-05T21:31:46.709Z,0
2026-08-05T21:40:23.493Z,0
2026-08-05T21:50:23.262Z,0
2026-08-05T22:00:41.363Z,0
2026-08-05T22:10:31.239Z,0
2026-08-05T22:20:25.572Z,0
2026-08-05T22:30:32.782Z,0
2026-08-05T22:35:56.752Z,0
2026-08-05T22:40:26.166Z,0
2026-08-05T22:50:26.844Z,0
2026-08-05T23:00:39.580Z,0
2026-08-05T23:10:24.087Z,0
2026-08-05T23:20:23.462Z,0
2026-08-05T23:30:35.598Z,0
2026-08-05T23:32:44.393Z,0
2026-08-05T23:40:25.045Z,0
2026-08-05T23:50:22.645Z,0
2026-08-06T00:00:49.303Z,0
2026-08-06T00:10:29.847Z,0
2026-08-06T00:20:27.999Z,0
2026-08-06T00:30:30.228Z,0
2026-08-06T00:40:22.643Z,0
2026-08-06T00:50:28.264Z,0
2026-08-06T00:54:47.942Z,0
2026-08-06T01:00:53.517Z,0
2026-08-06T01:10:32.657Z,0
2026-08-06T01:30:29.575Z,0
2026-08-06T01:40:22.048Z,0
2026-08-06T01:50:29.425Z,0
2026-08-06T02:00:43.618Z,0
2026-08-06T02:10:22.502Z,0
2026-08-06T02:30:32.151Z,0
2026-08-06T02:40:23.427Z,0
2026-08-06T02:50:24.098Z,0
2026-08-06T03:00:40.659Z,0
2026-08-06T03:10:21.206Z,0
2026-08-06T03:20:21.116Z,0
2026-08-06T03:30:30.306Z,0
2026-08-06T03:40:23.659Z,0
2026-08-06T03:50:21.429Z,0
2026-08-06T03:56:49.922Z,0
2026-08-06T04:00:38.076Z,0
2026-08-06T04:10:27.494Z,0
2026-08-06T04:20:21.820Z,0
2026-08-06T04:30:30.228Z,0
2026-08-06T04:40:20.913Z,0
2026-08-06T04:50:30.771Z,0
2026-08-06T05:00:40.058Z,0
2026-08-06T05:10:23.689Z,0
2026-08-06T05:20:29.872Z,1
2026-08-06T05:30:33.714Z,1
2026-08-06T05:40:22.865Z,1
2026-08-06T05:50:26.292Z,1
2026-08-06T06:00:42.629Z,1
2026-08-06T06:10:24.725Z,1
2026-08-06T06:20:30.801Z,1
2026-08-06T06:24:52.400Z,1
2026-08-06T06:30:31.978Z,1
2026-08-06T06:40:30.650Z,1
2026-08-06T06:50:31.511Z,1
2026-08-06T07:00:45.291Z,1
2026-08-06T07:10:34.383Z,1
2026-08-06T07:20:26.556Z,0
2026-08-06T07:30:32.542Z,0
2026-08-06T07:40:22.873Z,0
2026-08-06T07:50:22.502Z,0
2026-08-06T08:00:41.564Z,1
2026-08-06T08:10:25.476Z,1
2026-08-06T08:20:23.677Z,2
2026-08-06T08:30:32.052Z,3
2026-08-06T08:40:27.509Z,3
2026-08-06T08:50:21.947Z,3
2026-08-06T09:00:43.586Z,3
2026-08-06T09:10:26.175Z,4
2026-08-06T09:18:36.778Z,4
2026-08-06T09:20:32.665Z,4
2026-08-06T09:30:35.097Z,4
2026-08-06T09:40:22.958Z,5
2026-08-06T09:50:24.877Z,5
2026-08-06T10:00:48.536Z,5
2026-08-06T10:10:23.694Z,6
2026-08-06T10:20:22.614Z,5
2026-08-06T10:30:34.043Z,5
2026-08-06T10:40:22.161Z,4
2026-08-06T10:50:23.444Z,4
2026-08-06T11:00:47.789Z,4
2026-08-06T11:10:23.106Z,3
2026-08-06T11:20:24.436Z,4
2026-08-06T11:30:36.692Z,4
2026-08-06T11:35:18.501Z,4
2026-08-06T11:40:23.997Z,4
2026-08-06T11:50:22.551Z,3
2026-08-06T12:00:40.313Z,3
2026-08-06T12:10:24.459Z,4
2026-08-06T12:20:24.991Z,3
2026-08-06T12:31:09.445Z,3
2026-08-06T12:40:22.904Z,3
2026-08-06T12:50:23.059Z,2
2026-08-06T13:00:49.919Z,2
2026-08-06T13:10:24.927Z,2
2026-08-06T13:12:59.841Z,2
2026-08-06T13:20:27.518Z,1
2026-08-06T13:30:39.631Z,2
2026-08-06T13:40:33.665Z,2
2026-08-06T13:50:33.626Z,2
2026-08-06T14:00:45.895Z,2
2026-08-06T14:10:25.996Z,2
2026-08-06T14:20:31.106Z,1
2026-08-06T14:30:35.240Z,1
2026-08-06T14:40:38.637Z,2
2026-08-06T14:50:39.052Z,2
2026-08-06T15:00:45.163Z,3
2026-08-06T15:10:23.048Z,3
2026-08-06T15:20:37.129Z,3
2026-08-06T15:27:53.080Z,3
2026-08-06T15:32:43.188Z,2
2026-08-06T15:54:50.869Z,2
2026-08-06T16:53:53.847Z,4
2026-08-06T19:34:10.434Z,7
2026-08-06T19:40:27.950Z,7
2026-08-06T20:05:31.466Z,4
2026-08-06T20:40:28.091Z,4
2026-08-06T21:50:43.579Z,0
2026-08-06T22:00:44.390Z,0
2026-08-06T22:10:27.803Z,0
2026-08-06T22:20:25.070Z,0
2026-08-06T22:30:32.127Z,0
2026-08-06T22:40:25.019Z,0
2026-08-06T22:50:25.189Z,0
2026-08-06T23:00:55.966Z,0
2026-08-06T23:10:22.282Z,0
2026-08-06T23:20:29.688Z,0
2026-08-06T23:30:32.768Z,0
2026-08-06T23:40:28.468Z,0
2026-08-06T23:50:22.854Z,0
2026-08-07T00:00:46.598Z,0
2026-08-07T00:10:27.429Z,0
2026-08-07T00:20:23.568Z,0
2026-08-07T00:28:22.800Z,0
2026-08-07T00:30:31.527Z,0
2026-08-07T00:40:21.392Z,0
2026-08-07T00:50:21.747Z,0
2026-08-07T01:00:38.512Z,0
2026-08-07T01:10:26.933Z,0
2026-08-07T01:20:23.184Z,0
2026-08-07T01:30:30.647Z,0
2026-08-07T01:40:23.864Z,0
2026-08-07T01:50:24.915Z,0
2026-08-07T02:00:37.506Z,0
2026-08-07T02:10:23.376Z,0
2026-08-07T02:20:20.896Z,0
2026-08-07T02:30:31.169Z,0
2026-08-07T02:40:26.531Z,0
2026-08-07T02:50:24.988Z,0
2026-08-07T03:00:48.481Z,0
2026-08-07T03:10:29.585Z,0
2026-08-07T03:20:24.708Z,0
2026-08-07T03:27:23.884Z,0
2026-08-07T03:30:29.390Z,0
2026-08-07T03:40:21.023Z,0
2026-08-07T03:50:21.018Z,0
2026-08-07T04:00:41.000Z,0
2026-08-07T04:10:22.481Z,0
2026-08-07T04:20:23.318Z,0
2026-08-07T04:30:31.957Z,0
2026-08-07T04:40:29.663Z,0
2026-08-07T04:50:29.041Z,0
2026-08-07T05:00:41.064Z,0
2026-08-07T05:10:29.472Z,0
2026-08-07T05:11:56.846Z,0
2026-08-07T05:20:22.669Z,0
2026-08-07T05:30:29.157Z,0
2026-08-07T05:40:21.435Z,0
2026-08-07T05:50:24.063Z,0
2026-08-07T06:00:42.438Z,0
2026-08-07T06:10:22.685Z,1
2026-08-07T06:17:44.546Z,2
2026-08-07T06:20:22.382Z,2
2026-08-07T06:30:32.268Z,2
2026-08-07T06:40:28.248Z,3
2026-08-07T06:50:23.257Z,3
2026-08-07T07:00:54.645Z,3
2026-08-07T07:10:21.510Z,3
2026-08-07T07:20:32.772Z,4
2026-08-07T07:30:30.931Z,4
2026-08-07T07:40:27.038Z,4
2026-08-07T07:44:57.928Z,4
2026-08-07T07:50:22.770Z,4
2026-08-07T08:00:43.650Z,5
2026-08-07T08:10:24.311Z,5
2026-08-07T08:20:27.889Z,5
2026-08-07T08:30:32.306Z,5
2026-08-07T08:39:33.617Z,5
2026-08-07T08:40:23.591Z,5
2026-08-07T08:50:31.513Z,5
2026-08-07T09:00:41.401Z,5
2026-08-07T09:11:33.204Z,7
2026-08-07T09:20:27.019Z,6
2026-08-07T09:30:31.423Z,6
2026-08-07T09:38:20.937Z,6
2026-08-07T09:40:21.229Z,6
2026-08-07T09:50:22.648Z,5
2026-08-07T10:00:42.428Z,6
2026-08-07T10:10:24.128Z,6
2026-08-07T10:20:29.191Z,4
2026-08-07T10:30:29.892Z,5
2026-08-07T10:30:38.724Z,5
2026-08-07T10:40:26.580Z,5
2026-08-07T10:50:22.541Z,5
2026-08-07T11:00:48.418Z,5
2026-08-07T11:10:28.315Z,5
2026-08-07T11:20:25.101Z,3
2026-08-07T11:23:14.245Z,3
2026-08-07T11:30:37.163Z,3
2026-08-07T11:40:23.251Z,3
2026-08-07T11:50:35.092Z,2
2026-08-07T12:00:41.737Z,2
2026-08-07T12:02:48.456Z,1
2026-08-07T12:10:23.693Z,2
2026-08-07T12:20:23.057Z,2
2026-08-07T12:30:40.062Z,3
2026-08-07T12:40:29.795Z,2
2026-08-07T12:50:28.681Z,2
2026-08-07T13:00:54.164Z,2
2026-08-07T13:10:31.836Z,2
2026-08-07T13:20:24.994Z,2
2026-08-07T13:21:41.219Z,2
2026-08-07T13:30:33.891Z,2
2026-08-07T13:40:28.645Z,2
2026-08-07T13:50:23.547Z,2
2026-08-07T14:00:44.766Z,1
2026-08-07T14:10:30.453Z,1
2026-08-07T14:20:26.391Z,1
2026-08-07T14:28:20.915Z,1
2026-08-07T14:30:35.315Z,1
2026-08-07T14:40:31.020Z,1
2026-08-07T14:50:25.308Z,1
2026-08-07T15:00:47.756Z,1
2026-08-07T15:10:26.240Z,1
2026-08-07T15:20:24.246Z,1
2026-08-07T15:24:51.050Z,1
2026-08-07T15:30:38.815Z,1
2026-08-07T15:40:24.454Z,1
2026-08-07T15:50:23.691Z,1
2026-08-07T16:00:46.871Z,3
2026-08-07T16:10:24.006Z,3
2026-08-07T16:13:42.500Z,3
2026-08-07T16:20:31.020Z,4
2026-08-07T16:30:36.318Z,5
2026-08-07T16:40:32.930Z,4
2026-08-07T16:50:38.601Z,4
2026-08-07T17:00:51.293Z,4
2026-08-07T17:06:53.014Z,4
2026-08-07T17:10:22.595Z,4
2026-08-07T17:20:24.564Z,5
2026-08-07T17:30:36.746Z,7
2026-08-07T17:40:26.871Z,8
2026-08-07T17:50:23.879Z,8
2026-08-07T17:57:37.910Z,8
2026-08-07T18:00:47.685Z,8
2026-08-07T18:10:25.381Z,7
2026-08-07T18:20:31.244Z,8
2026-08-07T18:30:31.894Z,10
2026-08-07T18:40:25.171Z,8
2026-08-07T18:50:29.422Z,8
2026-08-07T18:51:08.038Z,8
2026-08-07T19:00:43.722Z,8
2026-08-07T19:10:28.168Z,8
2026-08-07T19:30:35.831Z,8
2026-08-07T19:40:18.724Z,4
2026-08-07T19:40:30.153Z,4
2026-08-07T19:50:22.686Z,4
2026-08-07T20:00:37.112Z,4
2026-08-07T20:10:24.964Z,4
2026-08-07T20:19:51.474Z,2
2026-08-07T20:20:21.901Z,2
2026-08-07T20:30:34.533Z,2
2026-08-07T20:50:23.493Z,0
2026-08-07T21:00:44.963Z,0
2026-08-07T21:03:34.898Z,0
2026-08-07T21:10:29.433Z,0
2026-08-07T21:20:22.866Z,0
2026-08-07T21:30:32.786Z,0
2026-08-07T21:40:23.732Z,0
2026-08-07T21:49:33.616Z,0
2026-08-07T21:50:23.280Z,0
2026-08-07T22:00:43.068Z,0
2026-08-07T22:10:23.265Z,0
2026-08-07T22:20:33.497Z,0
2026-08-07T22:22:23.107Z,0
2026-08-07T22:30:38.985Z,0
2026-08-07T22:40:24.199Z,0
2026-08-07T22:50:29.390Z,0
2026-08-07T22:58:43.739Z,0
2026-08-07T23:00:40.489Z,0
2026-08-07T23:10:23.642Z,0
2026-08-07T23:20:25.622Z,0
2026-08-07T23:30:33.886Z,0
2026-08-07T23:32:46.187Z,0
2026-08-07T23:40:24.853Z,0
2026-08-07T23:50:24.083Z,0
2026-08-08T00:00:41.405Z,0
2026-08-08T00:02:00.438Z,0
2026-08-08T00:10:27.182Z,0
2026-08-08T00:20:24.371Z,0
2026-08-08T00:30:35.308Z,0
2026-08-08T00:40:22.253Z,0
2026-08-08T00:50:24.541Z,0
2026-08-08T01:00:38.219Z,0
2026-08-08T01:10:27.594Z,0
2026-08-08T01:20:21.847Z,0
2026-08-08T01:30:29.480Z,0
2026-08-08T01:40:22.423Z,0
2026-08-08T01:50:23.068Z,0
2026-08-08T02:00:37.909Z,0
2026-08-08T02:09:00.568Z,0
2026-08-08T02:10:25.573Z,0
2026-08-08T02:20:20.829Z,0
2026-08-08T02:30:31.216Z,0
2026-08-08T02:40:25.521Z,0
2026-08-08T02:50:27.115Z,0
2026-08-08T03:00:41.140Z,0
2026-08-08T03:10:22.675Z,0
2026-08-08T03:20:21.668Z,0
2026-08-08T03:30:29.302Z,0
2026-08-08T03:40:22.428Z,0
2026-08-08T03:41:35.263Z,0
2026-08-08T03:50:22.265Z,0
2026-08-08T04:00:40.658Z,0
2026-08-08T04:10:22.193Z,0
2026-08-08T04:20:23.963Z,0
2026-08-08T04:30:31.915Z,0
2026-08-08T04:38:47.229Z,0
2026-08-08T04:40:27.630Z,0
2026-08-08T04:50:24.327Z,0
2026-08-08T05:00:38.505Z,0
2026-08-08T05:10:23.760Z,0
2026-08-08T05:20:31.293Z,0
2026-08-08T05:22:47.393Z,0
2026-08-08T05:30:55.614Z,0
2026-08-08T05:40:22.398Z,0
2026-08-08T05:50:23.107Z,0
2026-08-08T06:00:37.115Z,0
2026-08-08T06:00:45.225Z,0
2026-08-08T06:10:30.632Z,0
2026-08-08T06:20:26.858Z,0
2026-08-08T06:30:29.026Z,1
2026-08-08T06:40:22.067Z,2
2026-08-08T06:50:22.409Z,2
2026-08-08T07:00:41.228Z,2
2026-08-08T07:00:54.257Z,2
2026-08-08T07:10:23.286Z,2
2026-08-08T07:20:21.876Z,2
2026-08-08T07:30:35.119Z,2
2026-08-08T07:40:28.931Z,2
2026-08-08T07:50:22.012Z,2
2026-08-08T07:52:19.957Z,2
2026-08-08T08:00:38.141Z,2
2026-08-08T08:10:23.972Z,2
2026-08-08T08:20:30.406Z,2
2026-08-08T08:23:15.024Z,3
2026-08-08T08:30:31.737Z,3
2026-08-08T08:40:23.657Z,2
2026-08-08T08:50:25.597Z,2
2026-08-08T09:00:41.049Z,2
2026-08-08T09:05:32.893Z,2
2026-08-08T09:10:22.546Z,2
2026-08-08T09:20:26.313Z,2
2026-08-08T09:30:30.273Z,2
2026-08-08T09:40:24.760Z,2
2026-08-08T09:49:38.579Z,2
2026-08-08T09:50:30.326Z,2
2026-08-08T10:00:43.322Z,4
2026-08-08T10:10:24.218Z,3
2026-08-08T10:15:24.319Z,3
2026-08-08T10:20:22.918Z,3
2026-08-08T10:30:31.982Z,3
2026-08-08T10:40:20.581Z,3
2026-08-08T10:50:22.479Z,3
2026-08-08T10:51:45.595Z,3
2026-08-08T11:00:43.468Z,3
2026-08-08T11:10:24.463Z,3
2026-08-08T11:15:12.014Z,3
2026-08-08T11:20:21.693Z,3
2026-08-08T11:30:32.398Z,3
2026-08-08T11:40:25.031Z,3
2026-08-08T11:44:18.864Z,3
2026-08-08T11:50:26.945Z,3
2026-08-08T12:00:39.299Z,3
2026-08-08T12:02:21.165Z,3
2026-08-08T12:10:21.058Z,1
2026-08-08T12:20:23.233Z,1
2026-08-08T12:30:32.408Z,2
2026-08-08T12:40:22.878Z,2
2026-08-08T12:50:21.418Z,1
2026-08-08T13:00:40.427Z,1
2026-08-08T13:04:40.152Z,1
2026-08-08T13:10:25.829Z,1
2026-08-08T13:20:22.053Z,1
2026-08-08T13:30:29.353Z,1
2026-08-08T13:40:20.769Z,2
2026-08-08T13:50:22.064Z,2
2026-08-08T13:51:53.301Z,2
2026-08-08T14:00:38.736Z,2
2026-08-08T14:10:23.513Z,2
2026-08-08T14:19:15.821Z,2
2026-08-08T14:20:20.894Z,2
2026-08-08T14:30:31.343Z,2
2026-08-08T14:40:21.638Z,1
2026-08-08T14:50:20.473Z,1
2026-08-08T14:52:32.784Z,1
2026-08-08T15:00:41.042Z,1
2026-08-08T15:10:27.372Z,1
2026-08-08T15:14:39.919Z,1
2026-08-08T15:20:24.742Z,1
2026-08-08T15:30:29.124Z,1
2026-08-08T15:40:29.030Z,1
2026-08-08T15:46:14.619Z,1
2026-08-08T15:50:29.309Z,0
2026-08-08T16:00:40.498Z,0
2026-08-08T16:05:00.410Z,0
2026-08-08T16:10:24.378Z,0
2026-08-08T16:20:22.666Z,1
2026-08-08T16:30:31.443Z,1
2026-08-08T16:40:20.958Z,1
2026-08-08T16:47:20.104Z,1
2026-08-08T16:50:24.500Z,1
2026-08-08T17:00:39.113Z,1
2026-08-08T17:10:23.499Z,1
2026-08-08T17:14:09.157Z,1
2026-08-08T17:20:26.953Z,1
2026-08-08T17:30:31.953Z,1
2026-08-08T17:40:27.773Z,1
2026-08-08T17:45:56.243Z,1
2026-08-08T17:50:21.786Z,1
2026-08-08T18:00:38.182Z,1
2026-08-08T18:10:22.754Z,1
2026-08-08T18:12:51.104Z,1
2026-08-08T18:20:24.792Z,0
2026-08-08T18:30:35.379Z,0
2026-08-08T18:40:22.725Z,0
2026-08-08T18:50:25.034Z,0
2026-08-08T18:57:30.139Z,0
2026-08-08T19:00:41.044Z,0
2026-08-08T19:10:21.829Z,0
2026-08-08T19:20:21.723Z,1
2026-08-08T19:25:54.803Z,1
2026-08-08T19:30:29.473Z,1
2026-08-08T19:40:22.761Z,1
2026-08-08T19:50:21.054Z,1
2026-08-08T19:51:12.233Z,1
2026-08-08T20:00:39.749Z,1
2026-08-08T20:10:29.189Z,1
2026-08-08T20:12:31.532Z,1
2026-08-08T20:20:25.645Z,1
2026-08-08T20:30:40.988Z,1
2026-08-08T20:40:21.784Z,1
2026-08-08T20:46:52.593Z,1
2026-08-08T20:50:29.892Z,1
2026-08-08T21:00:41.292Z,1
2026-08-08T21:10:24.573Z,1
2026-08-08T21:13:09.767Z,1
2026-08-08T21:20:23.239Z,0
2026-08-08T21:30:32.510Z,0
2026-08-08T21:40:27.477Z,0
2026-08-08T21:44:54.765Z,0
2026-08-08T21:50:20.589Z,0
2026-08-08T22:00:38.707Z,0
2026-08-08T22:03:06.513Z,0
2026-08-08T22:10:24.519Z,0
2026-08-08T22:20:21.779Z,0
2026-08-08T22:30:29.811Z,0
2026-08-08T22:38:21.977Z,0
2026-08-08T22:40:34.113Z,0
2026-08-08T22:50:21.539Z,0
2026-08-08T23:00:40.996Z,0
2026-08-08T23:01:22.406Z,0
2026-08-08T23:10:21.465Z,0
2026-08-08T23:20:31.065Z,0
2026-08-08T23:30:29.329Z,0
2026-08-08T23:35:08.159Z,0
2026-08-08T23:40:23.027Z,0
2026-08-08T23:50:20.947Z,0
2026-08-08T23:58:30.220Z,0
2026-08-09T00:00:42.068Z,0
2026-08-09T00:10:24.721Z,0
2026-08-09T00:20:21.082Z,0
2026-08-09T00:30:30.798Z,0
2026-08-09T00:40:23.538Z,0
2026-08-09T00:50:24.677Z,0
2026-08-09T01:00:41.179Z,0
2026-08-09T01:10:21.670Z,0
2026-08-09T01:20:22.788Z,0
2026-08-09T01:30:29.351Z,0
2026-08-09T01:40:04.659Z,0
2026-08-09T01:40:21.503Z,0
2026-08-09T01:50:25.481Z,0
2026-08-09T02:00:36.591Z,0
2026-08-09T02:10:24.883Z,0
2026-08-09T02:20:20.154Z,0
2026-08-09T02:30:30.533Z,0
2026-08-09T02:40:22.443Z,0
2026-08-09T02:50:22.753Z,0
2026-08-09T03:00:43.730Z,0
2026-08-09T03:10:22.156Z,0
2026-08-09T03:20:01.136Z,0
2026-08-09T03:20:25.660Z,0
2026-08-09T03:30:28.981Z,0
2026-08-09T03:40:21.624Z,0
2026-08-09T03:50:22.935Z,0
2026-08-09T04:00:40.619Z,0
2026-08-09T04:10:21.526Z,0
2026-08-09T04:20:21.216Z,0
2026-08-09T04:30:31.248Z,0
2026-08-09T04:40:29.674Z,0
2026-08-09T04:40:40.200Z,0
2026-08-09T04:50:24.462Z,0
2026-08-09T05:00:39.263Z,0
2026-08-09T05:10:25.483Z,1
2026-08-09T05:20:22.033Z,1
2026-08-09T05:30:29.518Z,1
2026-08-09T05:32:33.946Z,1
2026-08-09T05:40:24.309Z,1
2026-08-09T05:50:21.975Z,1
2026-08-09T06:00:39.345Z,1
2026-08-09T06:10:22.761Z,1
2026-08-09T06:10:43.973Z,1
2026-08-09T06:20:21.267Z,1
2026-08-09T06:30:31.411Z,1
2026-08-09T06:40:22.439Z,1
2026-08-09T06:50:25.557Z,1
2026-08-09T07:00:39.040Z,1
2026-08-09T07:10:23.077Z,0
2026-08-09T07:13:47.166Z,0
2026-08-09T07:20:20.980Z,0
2026-08-09T07:30:29.674Z,1
2026-08-09T07:40:20.689Z,1
2026-08-09T07:50:22.194Z,2
2026-08-09T08:00:36.968Z,2
2026-08-09T08:01:06.396Z,2
2026-08-09T08:10:22.174Z,3
2026-08-09T08:20:25.140Z,3
2026-08-09T08:30:29.547Z,4
2026-08-09T08:40:23.332Z,5
2026-08-09T08:50:22.181Z,5
2026-08-09T08:51:32.102Z,5
2026-08-09T09:00:39.497Z,5
2026-08-09T09:10:21.165Z,6
2026-08-09T09:20:20.974Z,6
2026-08-09T09:24:31.110Z,6
2026-08-09T09:30:31.689Z,7
2026-08-09T09:40:21.536Z,7
2026-08-09T09:50:21.255Z,7
2026-08-09T10:00:39.446Z,7
2026-08-09T10:01:44.983Z,7
2026-08-09T10:10:22.837Z,5
2026-08-09T10:20:22.134Z,5
2026-08-09T10:30:31.726Z,5
2026-08-09T10:40:23.311Z,3
2026-08-09T10:42:39.139Z,3
2026-08-09T10:50:20.486Z,3
2026-08-09T11:00:37.046Z,3
2026-08-09T11:06:06.920Z,3
2026-08-09T11:10:23.460Z,3
2026-08-09T11:20:24.177Z,2
2026-08-09T11:30:30.309Z,2
2026-08-09T11:38:30.474Z,1
2026-08-09T11:40:21.376Z,1
2026-08-09T11:50:21.414Z,0
2026-08-09T11:59:37.993Z,0
2026-08-09T12:00:39.826Z,0
2026-08-09T12:10:24.323Z,1
2026-08-09T12:20:22.020Z,1
2026-08-09T12:30:30.520Z,1
2026-08-09T12:40:21.831Z,1
2026-08-09T12:50:30.135Z,1
2026-08-09T12:54:31.893Z,1
2026-08-09T13:00:41.506Z,1
2026-08-09T13:10:20.924Z,1
2026-08-09T13:20:22.261Z,1
2026-08-09T13:30:29.530Z,1
2026-08-09T13:39:50.815Z,1
2026-08-09T13:40:22.722Z,1
2026-08-09T13:50:22.165Z,1
2026-08-09T14:00:40.206Z,1
2026-08-09T14:10:23.559Z,1
2026-08-09T14:18:02.599Z,0
2026-08-09T14:20:21.829Z,0
2026-08-09T14:30:31.003Z,0
2026-08-09T14:40:23.945Z,0
2026-08-09T14:50:23.114Z,0
2026-08-09T14:55:05.580Z,0
2026-08-09T15:00:50.248Z,0
2026-08-09T15:10:20.754Z,0
2026-08-09T15:20:24.729Z,0
2026-08-09T15:20:46.794Z,0
2026-08-09T15:30:33.613Z,0
2026-08-09T15:40:23.372Z,0
2026-08-09T15:50:24.020Z,0
2026-08-09T15:51:51.499Z,0
2026-08-09T16:00:39.583Z,0
2026-08-09T16:10:21.993Z,2
2026-08-09T16:16:31.309Z,2
2026-08-09T16:20:22.550Z,2
2026-08-09T16:30:31.427Z,2
2026-08-09T16:40:31.476Z,2
2026-08-09T16:50:23.304Z,2
2026-08-09T16:56:12.266Z,3
2026-08-09T17:00:41.843Z,3
2026-08-09T17:10:22.307Z,3
2026-08-09T17:20:21.470Z,4
2026-08-09T17:24:20.370Z,4
2026-08-09T17:30:29.975Z,4
2026-08-09T17:40:23.708Z,4
2026-08-09T17:50:31.536Z,4
2026-08-09T17:54:00.096Z,4
2026-08-09T18:00:38.398Z,3
2026-08-09T18:10:21.072Z,3
2026-08-09T18:19:42.520Z,2
2026-08-09T18:20:23.073Z,2
2026-08-09T18:30:32.200Z,2
2026-08-09T18:40:20.780Z,2
2026-08-09T18:50:23.926Z,2
2026-08-09T19:00:36.562Z,2
2026-08-09T19:05:53.042Z,1
2026-08-09T19:10:23.445Z,1
2026-08-09T19:20:31.201Z,1
2026-08-09T19:30:29.435Z,1
2026-08-09T19:40:23.426Z,0
2026-08-09T19:43:37.950Z,0
2026-08-09T19:50:21.236Z,0
2026-08-09T20:00:39.529Z,0
2026-08-09T20:03:43.475Z,0
2026-08-09T20:10:21.744Z,0
2026-08-09T20:20:24.170Z,0
2026-08-09T20:30:29.298Z,0
2026-08-09T20:40:23.993Z,0
2026-08-09T20:45:14.745Z,0
2026-08-09T20:50:21.473Z,0
2026-08-09T21:00:43.487Z,0
2026-08-09T21:10:22.803Z,0
2026-08-09T21:13:50.501Z,0
2026-08-09T21:20:23.177Z,0
2026-08-09T21:30:29.131Z,0
2026-08-09T21:40:22.740Z,0
2026-08-09T21:47:40.548Z,0
2026-08-09T21:50:22.066Z,0
2026-08-09T22:00:40.678Z,0
2026-08-09T22:10:22.117Z,0
2026-08-09T22:12:17.428Z,0
2026-08-09T22:20:21.394Z,0
2026-08-09T22:30:31.184Z,0
2026-08-09T22:40:30.630Z,0
2026-08-09T22:48:35.414Z,0
2026-08-09T22:50:20.377Z,0
2026-08-09T23:00:39.892Z,0
2026-08-09T23:10:21.732Z,0
2026-08-09T23:13:28.727Z,0
2026-08-09T23:20:22.318Z,0
2026-08-09T23:30:32.081Z,0
2026-08-09T23:40:35.630Z,0
2026-08-09T23:45:54.738Z,0
2026-08-09T23:50:25.753Z,0
2026-08-10T00:00:42.000Z,0
2026-08-10T00:10:25.308Z,0
2026-08-10T00:20:25.265Z,0
2026-08-10T00:30:30.636Z,0
2026-08-10T00:36:27.541Z,0
2026-08-10T00:40:23.678Z,0
2026-08-10T00:50:23.586Z,0
2026-08-10T01:00:40.137Z,0
2026-08-10T01:10:23.314Z,0
2026-08-10T01:20:21.999Z,0
2026-08-10T01:30:31.296Z,0
2026-08-10T01:40:22.951Z,0
2026-08-10T01:50:23.524Z,0
2026-08-10T02:00:39.509Z,0
2026-08-10T02:10:21.887Z,0
2026-08-10T02:20:23.255Z,0
2026-08-10T02:30:31.187Z,0
2026-08-10T02:40:22.362Z,0
2026-08-10T02:50:29.669Z,0
2026-08-10T02:54:50.813Z,0
2026-08-10T03:00:41.580Z,0
2026-08-10T03:10:24.314Z,0
2026-08-10T03:20:22.838Z,0
2026-08-10T03:30:35.077Z,0
2026-08-10T03:40:21.591Z,0
2026-08-10T03:50:30.746Z,0
2026-08-10T04:00:38.763Z,0
2026-08-10T04:10:22.978Z,0
2026-08-10T04:20:21.470Z,0
2026-08-10T04:21:45.100Z,0
2026-08-10T04:30:28.574Z,0
2026-08-10T04:40:22.667Z,0
2026-08-10T04:50:22.897Z,0
2026-08-10T05:00:38.143Z,0
2026-08-10T05:10:22.179Z,0
2026-08-10T05:20:21.931Z,0
2026-08-10T05:30:30.625Z,0
2026-08-10T05:40:21.620Z,0
2026-08-10T05:50:04.138Z,0
2026-08-10T05:50:23.638Z,0
2026-08-10T06:00:47.397Z,0
2026-08-10T06:10:22.264Z,0
2026-08-10T06:20:23.477Z,0
2026-08-10T06:30:31.569Z,0
2026-08-10T06:40:22.098Z,0
2026-08-10T06:50:25.223Z,0
2026-08-10T06:58:57.833Z,1
2026-08-10T07:00:41.559Z,1
2026-08-10T07:10:22.176Z,2
2026-08-10T07:20:24.963Z,2
2026-08-10T07:30:30.780Z,2
2026-08-10T07:40:22.069Z,2
2026-08-10T07:50:23.393Z,2
2026-08-10T08:00:39.026Z,2
2026-08-10T08:10:34.386Z,2
2026-08-10T08:20:24.381Z,2
2026-08-10T08:26:31.884Z,2
2026-08-10T08:30:30.490Z,2
2026-08-10T08:40:23.112Z,2
2026-08-10T08:50:21.916Z,2
2026-08-10T09:00:40.314Z,4
2026-08-10T09:10:27.476Z,4
2026-08-10T09:20:29.427Z,4
2026-08-10T09:30:32.369Z,4
2026-08-10T09:40:23.480Z,5
2026-08-10T09:50:23.488Z,5
2026-08-10T09:55:27.878Z,5
2026-08-10T10:00:42.050Z,5
2026-08-10T10:10:23.907Z,4
2026-08-10T10:20:25.074Z,4
2026-08-10T10:30:31.933Z,4
2026-08-10T10:40:22.158Z,4
2026-08-10T10:50:21.583Z,4
2026-08-10T10:58:31.405Z,4
2026-08-10T11:00:41.927Z,4
2026-08-10T11:10:24.038Z,1
2026-08-10T11:20:25.988Z,1
2026-08-10T11:30:32.419Z,1
2026-08-10T11:40:22.876Z,1
2026-08-10T11:46:11.761Z,1
2026-08-10T11:50:24.215Z,1
2026-08-10T12:00:53.162Z,1
2026-08-10T12:10:24.921Z,1
2026-08-10T12:20:25.663Z,1
2026-08-10T12:30:36.512Z,1
2026-08-10T12:33:39.761Z,1
2026-08-10T12:40:22.650Z,1
2026-08-10T12:50:24.250Z,1
2026-08-10T13:00:42.117Z,1
2026-08-10T13:10:26.403Z,1
2026-08-10T13:20:30.066Z,1
2026-08-10T13:30:33.853Z,3
2026-08-10T13:40:24.920Z,3
2026-08-10T13:50:27.664Z,2
2026-08-10T13:59:30.376Z,2
2026-08-10T14:00:44.969Z,2
2026-08-10T14:10:24.187Z,3
2026-08-10T14:20:24.857Z,4
2026-08-10T14:30:33.461Z,4
2026-08-10T14:40:23.455Z,6
2026-08-10T14:50:24.425Z,6
2026-08-10T14:59:32.396Z,7
2026-08-10T15:00:49.037Z,7
2026-08-10T15:10:30.932Z,8
2026-08-10T15:20:25.192Z,8
2026-08-10T15:30:42.042Z,10
2026-08-10T15:40:24.038Z,9
2026-08-10T15:50:24.349Z,13
2026-08-10T16:00:36.318Z,15
2026-08-10T16:00:48.587Z,15
2026-08-10T16:10:28.403Z,16
2026-08-10T16:20:25.958Z,16
2026-08-10T16:30:32.173Z,19
2026-08-10T16:40:25.181Z,17
2026-08-10T16:50:23.736Z,16
2026-08-10T16:57:16.906Z,18
2026-08-10T17:00:42.009Z,19
2026-08-10T17:10:29.011Z,16
2026-08-10T17:20:23.027Z,14
2026-08-10T17:30:30.680Z,14
2026-08-10T17:40:22.720Z,13
2026-08-10T17:47:39.212Z,11
2026-08-10T17:50:23.106Z,11
2026-08-10T18:00:41.486Z,13
2026-08-10T18:10:30.470Z,13
2026-08-10T18:20:23.712Z,12
2026-08-10T18:30:38.819Z,12
2026-08-10T18:36:02.594Z,11
2026-08-10T18:40:32.078Z,11
2026-08-10T18:50:27.818Z,12
2026-08-10T19:00:41.668Z,12
2026-08-10T19:10:32.479Z,10
2026-08-10T19:20:24.765Z,7
2026-08-10T19:30:37.460Z,7
2026-08-10T19:36:35.264Z,7
2026-08-10T19:40:34.889Z,7
2026-08-10T19:50:25.836Z,5
2026-08-10T20:00:40.515Z,5
2026-08-10T20:10:24.681Z,3
2026-08-10T20:18:35.654Z,2
2026-08-10T20:20:23.728Z,2
2026-08-10T20:30:32.470Z,2
2026-08-10T20:40:32.659Z,2
2026-08-10T20:50:25.948Z,1
2026-08-10T21:00:39.537Z,1
2026-08-10T21:04:28.649Z,1
2026-08-10T21:10:24.178Z,1
2026-08-10T21:20:37.611Z,0
2026-08-10T21:30:30.958Z,0
2026-08-10T21:40:30.742Z,0
2026-08-10T21:50:22.414Z,0
2026-08-10T21:52:29.801Z,0
2026-08-10T22:00:43.403Z,0
2026-08-10T22:10:23.354Z,0
2026-08-10T22:20:21.527Z,0
2026-08-10T22:22:10.190Z,0
2026-08-10T22:30:28.167Z,0
2026-08-10T22:40:21.056Z,0
2026-08-10T22:50:22.020Z,0
2026-08-10T23:00:32.999Z,0
2026-08-10T23:00:43.717Z,0
2026-08-10T23:10:22.727Z,0
2026-08-10T23:20:21.132Z,0
2026-08-10T23:30:30.441Z,0
2026-08-10T23:39:08.800Z,0
2026-08-10T23:40:21.541Z,0
2026-08-10T23:50:23.274Z,0
2026-08-11T00:00:42.536Z,0
2026-08-11T00:04:40.614Z,0
2026-08-11T00:10:20.844Z,0
2026-08-11T00:20:22.607Z,0
2026-08-11T00:40:22.705Z,0
2026-08-11T00:50:26.935Z,0
2026-08-11T01:00:38.454Z,0
2026-08-11T01:10:22.891Z,0
2026-08-11T01:20:22.310Z,0
2026-08-11T01:30:29.342Z,0
2026-08-11T01:40:21.026Z,0
2026-08-11T01:50:24.249Z,0
2026-08-11T02:00:36.614Z,0
2026-08-11T02:10:22.268Z,0
2026-08-11T02:20:22.577Z,0
2026-08-11T02:21:07.029Z,0
2026-08-11T02:30:32.523Z,0
2026-08-11T02:40:24.162Z,0
2026-08-11T02:50:23.641Z,0
2026-08-11T03:00:41.566Z,0
2026-08-11T03:10:21.107Z,0
2026-08-11T03:20:22.848Z,0
2026-08-11T03:30:31.614Z,0
2026-08-11T03:40:20.965Z,0
2026-08-11T03:50:29.797Z,0
2026-08-11T03:56:33.691Z,0
2026-08-11T04:00:39.534Z,0
2026-08-11T04:10:25.467Z,1
2026-08-11T04:20:22.804Z,1
2026-08-11T04:30:28.862Z,1
2026-08-11T04:40:24.923Z,1
2026-08-11T04:50:22.883Z,1
2026-08-11T05:00:40.137Z,1
2026-08-11T05:00:57.580Z,1
2026-08-11T05:10:30.191Z,1
2026-08-11T05:20:23.551Z,1
2026-08-11T05:30:28.862Z,1
2026-08-11T05:40:26.445Z,1
2026-08-11T05:50:25.053Z,1
2026-08-11T05:56:05.002Z,1
2026-08-11T06:00:39.180Z,1
2026-08-11T06:10:21.434Z,0
2026-08-11T06:20:25.323Z,1
2026-08-11T06:30:30.279Z,1
2026-08-11T06:40:22.733Z,1
2026-08-11T06:50:23.657Z,1
2026-08-11T06:52:34.591Z,1
2026-08-11T07:00:46.326Z,1
2026-08-11T07:10:22.935Z,1
2026-08-11T07:20:23.063Z,1
2026-08-11T07:30:31.911Z,1
2026-08-11T07:40:21.662Z,1
2026-08-11T07:50:27.250Z,1
2026-08-11T07:59:02.416Z,1
2026-08-11T08:00:39.357Z,1
2026-08-11T08:10:23.663Z,1
2026-08-11T08:20:24.010Z,1
2026-08-11T08:30:31.952Z,1
2026-08-11T08:40:21.500Z,0
2026-08-11T08:50:22.532Z,0
2026-08-11T08:56:12.297Z,0
2026-08-11T09:00:50.783Z,0
2026-08-11T09:10:26.129Z,2
2026-08-11T09:20:21.808Z,2
2026-08-11T09:30:31.971Z,2
2026-08-11T09:40:33.620Z,2
2026-08-11T09:50:21.594Z,2
2026-08-11T09:53:35.208Z,2
2026-08-11T10:00:40.903Z,2
2026-08-11T10:10:23.491Z,2
2026-08-11T10:20:21.388Z,2
2026-08-11T10:30:37.499Z,2
2026-08-11T10:37:57.415Z,2
2026-08-11T10:40:21.937Z,2
2026-08-11T10:50:23.997Z,2
2026-08-11T11:00:40.692Z,2
2026-08-11T11:10:21.630Z,2
2026-08-11T11:20:23.003Z,0
2026-08-11T11:25:39.163Z,0
2026-08-11T11:30:38.777Z,0
2026-08-11T11:40:22.216Z,0
2026-08-11T11:50:22.069Z,0
2026-08-11T12:00:40.960Z,0
2026-08-11T12:05:44.920Z,0
2026-08-11T12:10:22.592Z,1
2026-08-11T12:20:22.735Z,1
2026-08-11T12:30:29.944Z,1
2026-08-11T12:40:24.263Z,1
2026-08-11T12:50:24.892Z,2
2026-08-11T13:00:42.987Z,2
2026-08-11T13:10:32.546Z,2
2026-08-11T13:20:34.809Z,2
2026-08-11T13:30:37.309Z,2
2026-08-11T13:34:47.868Z,2
2026-08-11T13:40:26.293Z,2
2026-08-11T13:50:22.057Z,2
2026-08-11T14:00:48.348Z,2
2026-08-11T14:10:25.364Z,5
2026-08-11T14:20:25.943Z,9
2026-08-11T14:30:33.482Z,9
2026-08-11T14:38:49.364Z,9
2026-08-11T14:40:25.229Z,9
2026-08-11T14:50:24.518Z,9
2026-08-11T15:00:45.334Z,10
2026-08-11T15:10:25.623Z,9
2026-08-11T15:20:29.599Z,9
2026-08-11T15:30:41.614Z,11
2026-08-11T15:33:55.306Z,12
2026-08-11T15:40:25.665Z,13
2026-08-11T15:50:23.814Z,14
2026-08-11T16:00:44.228Z,17
2026-08-11T16:10:21.936Z,18
2026-08-11T16:20:31.194Z,14
2026-08-11T16:27:28.130Z,15
2026-08-11T16:30:39.332Z,15
2026-08-11T16:40:30.714Z,10
2026-08-11T16:50:23.327Z,13
2026-08-11T17:00:50.941Z,20
2026-08-11T17:10:24.667Z,18
2026-08-11T17:20:22.431Z,18
2026-08-11T17:25:43.337Z,18
2026-08-11T17:30:36.741Z,19
2026-08-11T17:40:24.690Z,15
2026-08-11T17:50:23.054Z,14
2026-08-11T18:00:40.423Z,11
2026-08-11T18:10:22.721Z,9
2026-08-11T18:13:44.483Z,9
2026-08-11T18:20:22.576Z,9
2026-08-11T18:30:32.285Z,11
2026-08-11T18:40:23.616Z,10
2026-08-11T18:50:22.827Z,8
2026-08-11T19:00:41.624Z,8
2026-08-11T19:10:26.669Z,7
2026-08-11T19:19:58.636Z,6
2026-08-11T19:20:26.409Z,6
2026-08-11T19:30:31.069Z,6
2026-08-11T19:40:26.066Z,6
2026-08-11T19:50:23.203Z,5
2026-08-11T20:00:42.305Z,5
2026-08-11T20:06:16.181Z,5
2026-08-11T20:10:24.070Z,6
2026-08-11T20:20:32.184Z,3
2026-08-11T20:30:33.334Z,3
2026-08-11T20:40:23.398Z,1
2026-08-11T20:50:24.431Z,1
2026-08-11T20:58:51.600Z,1
2026-08-11T21:00:41.189Z,1
2026-08-11T21:10:23.524Z,1
2026-08-11T21:20:24.179Z,1
2026-08-11T21:30:34.691Z,1
2026-08-11T21:40:33.529Z,1
2026-08-11T21:46:23.953Z,1
2026-08-11T21:50:23.805Z,1
2026-08-11T22:00:38.638Z,1
2026-08-11T22:10:21.928Z,1
2026-08-11T22:20:23.443Z,0
2026-08-11T22:25:12.205Z,0
2026-08-11T22:30:31.808Z,0
2026-08-11T22:40:24.020Z,0
2026-08-11T22:50:29.399Z,0
2026-08-11T23:00:41.372Z,0
2026-08-11T23:09:33.705Z,0
2026-08-11T23:10:21.855Z,0
2026-08-11T23:20:22.550Z,0
2026-08-11T23:30:31.600Z,0
2026-08-11T23:40:30.254Z,0
2026-08-11T23:50:25.371Z,0
2026-08-11T23:56:00.362Z,0
2026-08-12T00:00:39.938Z,0
2026-08-12T00:10:28.549Z,0
2026-08-12T00:20:25.577Z,0
2026-08-12T00:30:32.277Z,0
2026-08-12T00:40:25.665Z,0
2026-08-12T00:50:25.648Z,0
2026-08-12T01:00:42.152Z,0
2026-08-12T01:10:23.603Z,0
2026-08-12T01:13:59.481Z,0
2026-08-12T01:20:24.007Z,0
2026-08-12T01:30:33.156Z,0
2026-08-12T01:40:23.355Z,0
2026-08-12T01:50:24.300Z,0
2026-08-12T02:00:37.672Z,0
2026-08-12T02:10:35.059Z,0
2026-08-12T02:20:21.810Z,0
2026-08-12T02:30:31.061Z,0
2026-08-12T02:40:23.803Z,0
2026-08-12T02:50:22.994Z,0
2026-08-12T03:00:40.289Z,0
2026-08-12T03:10:21.192Z,0
2026-08-12T03:20:23.000Z,0
2026-08-12T03:29:12.549Z,0
2026-08-12T03:30:30.379Z,0
2026-08-12T03:40:24.839Z,0
2026-08-12T03:50:22.467Z,0
2026-08-12T04:00:38.409Z,0
2026-08-12T04:10:21.497Z,0
2026-08-12T04:20:24.089Z,0
2026-08-12T04:30:34.232Z,0
2026-08-12T04:40:22.950Z,0
2026-08-12T04:50:24.497Z,0
2026-08-12T05:00:39.155Z,0
2026-08-12T05:10:22.305Z,0
2026-08-12T05:14:10.446Z,0
2026-08-12T05:20:22.797Z,0
2026-08-12T05:30:36.896Z,0
2026-08-12T05:40:24.663Z,0
2026-08-12T05:50:23.341Z,0
2026-08-12T06:00:42.013Z,0
2026-08-12T06:10:24.860Z,2
2026-08-12T06:20:22.449Z,2
2026-08-12T06:30:31.743Z,2
2026-08-12T06:40:22.113Z,2
2026-08-12T06:42:22.013Z,2
2026-08-12T07:00:42.782Z,2
2026-08-12T07:10:21.450Z,2
2026-08-12T07:20:30.698Z,2
2026-08-12T07:30:31.382Z,2
2026-08-12T07:40:24.761Z,3
2026-08-12T07:50:24.083Z,3
2026-08-12T08:00:40.151Z,3
2026-08-12T08:03:03.670Z,3
2026-08-12T08:10:22.850Z,3
2026-08-12T08:20:26.026Z,2
2026-08-12T08:30:31.112Z,2
2026-08-12T08:40:31.563Z,2
2026-08-12T08:50:23.966Z,3
2026-08-12T09:00:48.898Z,3
2026-08-12T09:10:22.134Z,3
2026-08-12T09:19:38.246Z,3
2026-08-12T09:20:23.558Z,3
2026-08-12T09:30:30.723Z,3
2026-08-12T09:40:23.728Z,3
2026-08-12T09:50:23.786Z,3
2026-08-12T10:00:41.125Z,3
2026-08-12T10:10:25.375Z,3
2026-08-12T10:20:22.876Z,3
2026-08-12T10:29:43.159Z,4
2026-08-12T10:30:31.194Z,4
2026-08-12T10:40:23.661Z,3
2026-08-12T10:50:23.651Z,3
2026-08-12T11:00:42.019Z,3
2026-08-12T11:10:22.158Z,2
2026-08-12T11:20:30.212Z,2
2026-08-12T11:22:49.179Z,2
2026-08-12T11:30:32.259Z,2
2026-08-12T11:40:31.244Z,2
2026-08-12T11:50:24.134Z,1
2026-08-12T12:00:41.530Z,1
2026-08-12T12:03:46.773Z,1
2026-08-12T12:10:31.577Z,1
2026-08-12T12:20:25.135Z,2
2026-08-12T12:30:32.980Z,2
2026-08-12T12:40:23.748Z,1
2026-08-12T12:50:22.889Z,1
2026-08-12T13:00:44.602Z,1
2026-08-12T13:10:25.470Z,1
2026-08-12T13:20:23.695Z,1
2026-08-12T13:30:33.746Z,2
2026-08-12T13:36:18.627Z,2
2026-08-12T13:40:24.751Z,2
2026-08-12T13:50:22.769Z,3
2026-08-12T14:00:43.787Z,3
2026-08-12T14:10:22.538Z,3
2026-08-12T14:20:29.348Z,3
2026-08-12T14:30:38.825Z,4
2026-08-12T14:38:58.299Z,4
2026-08-12T14:40:26.077Z,4
2026-08-12T14:50:22.080Z,4
2026-08-12T15:00:47.266Z,4
2026-08-12T15:10:25.618Z,5
2026-08-12T15:20:33.361Z,5
2026-08-12T15:30:31.010Z,8
2026-08-12T15:34:04.385Z,7
2026-08-12T15:40:22.793Z,8
2026-08-12T15:50:32.076Z,7
2026-08-12T16:00:40.553Z,9
2026-08-12T16:10:24.808Z,11
2026-08-12T16:20:24.815Z,12
2026-08-12T16:29:13.143Z,14
2026-08-12T16:30:31.186Z,14
2026-08-12T16:40:22.668Z,15
2026-08-12T16:50:24.571Z,18
2026-08-12T17:00:50.248Z,19
2026-08-12T17:10:33.783Z,19
2026-08-12T17:20:28.515Z,20
2026-08-12T17:29:21.332Z,20
2026-08-12T17:30:35.819Z,20
2026-08-12T17:40:22.949Z,17
2026-08-12T17:50:22.997Z,16
2026-08-12T18:00:40.440Z,15
2026-08-12T18:10:24.590Z,11
2026-08-12T18:20:23.987Z,10
2026-08-12T18:26:24.351Z,10
2026-08-12T18:30:31.882Z,10
2026-08-12T18:40:22.942Z,8
2026-08-12T18:50:21.669Z,6
2026-08-12T19:00:47.540Z,6
2026-08-12T19:10:25.453Z,5
2026-08-12T19:20:25.849Z,5
2026-08-12T19:30:33.666Z,5
2026-08-12T19:34:51.728Z,5
2026-08-12T19:40:27.063Z,6
2026-08-12T19:50:24.866Z,6
2026-08-12T20:00:38.592Z,6
2026-08-12T20:10:23.620Z,6
2026-08-12T20:18:57.707Z,5
2026-08-12T20:20:24.012Z,5
2026-08-12T20:30:29.378Z,5
2026-08-12T20:40:21.510Z,4
2026-08-12T20:50:25.014Z,3
2026-08-12T21:00:38.980Z,3
2026-08-12T21:06:01.323Z,2
2026-08-12T21:10:22.493Z,2
2026-08-12T21:20:21.103Z,1
2026-08-12T21:30:33.100Z,1
2026-08-12T21:40:22.201Z,1
2026-08-12T21:50:24.432Z,0
2026-08-12T21:56:47.843Z,0
2026-08-12T22:00:40.403Z,0
2026-08-12T22:10:22.489Z,0
2026-08-12T22:20:29.560Z,0
2026-08-12T22:30:31.343Z,0
2026-08-12T22:33:59.997Z,0
2026-08-12T22:40:24.837Z,0
2026-08-12T22:50:23.163Z,0
2026-08-12T23:00:36.901Z,0
2026-08-12T23:10:21.897Z,0
2026-08-12T23:19:14.427Z,0
2026-08-12T23:20:24.586Z,0
2026-08-12T23:30:30.758Z,0
2026-08-12T23:40:22.535Z,0
2026-08-12T23:50:25.191Z,0
2026-08-13T00:00:44.399Z,0
2026-08-13T00:01:13.390Z,0
2026-08-13T00:10:23.141Z,0
2026-08-13T00:20:24.723Z,0
2026-08-13T00:30:30.116Z,0
2026-08-13T00:40:24.377Z,0
2026-08-13T00:50:22.094Z,0
2026-08-13T01:00:45.042Z,0
2026-08-13T01:10:24.339Z,0
2026-08-13T01:20:25.711Z,0
2026-08-13T01:30:31.070Z,0
2026-08-13T01:40:28.622Z,0
2026-08-13T01:50:25.387Z,0
2026-08-13T02:00:43.284Z,0
2026-08-13T02:10:24.319Z,0
2026-08-13T02:20:22.189Z,0
2026-08-13T02:28:47.281Z,0
2026-08-13T02:30:30.174Z,0
2026-08-13T02:40:24.564Z,0
2026-08-13T02:50:23.722Z,0
2026-08-13T03:00:40.881Z,0
2026-08-13T03:10:22.829Z,0
2026-08-13T03:20:23.145Z,0
2026-08-13T03:30:29.625Z,0
2026-08-13T03:40:21.836Z,0
2026-08-13T03:50:23.713Z,0
2026-08-13T04:00:41.336Z,0
2026-08-13T04:10:25.178Z,0
2026-08-13T04:20:27.097Z,0
2026-08-13T04:25:27.323Z,0
2026-08-13T04:30:30.293Z,0
2026-08-13T04:40:23.330Z,0
2026-08-13T04:50:22.134Z,0
2026-08-13T05:00:40.002Z,0
2026-08-13T05:10:21.755Z,0
2026-08-13T05:20:22.565Z,0
2026-08-13T05:30:29.743Z,0
2026-08-13T05:40:24.203Z,0
2026-08-13T05:50:22.372Z,0
2026-08-13T05:53:26.965Z,0
2026-08-13T06:00:39.056Z,0
2026-08-13T06:10:24.016Z,0
2026-08-13T06:20:23.530Z,0
2026-08-13T06:30:30.069Z,0
2026-08-13T06:40:23.869Z,0
2026-08-13T06:50:23.697Z,0
2026-08-13T07:00:41.569Z,0
2026-08-13T07:04:10.549Z,0
2026-08-13T07:10:26.588Z,0
2026-08-13T07:20:24.393Z,0
2026-08-13T07:30:30.534Z,0
2026-08-13T07:40:22.401Z,0
2026-08-13T07:50:24.307Z,0
2026-08-13T08:00:40.948Z,0
2026-08-13T08:10:24.703Z,0
2026-08-13T08:20:23.114Z,0
2026-08-13T08:30:32.176Z,0
2026-08-13T08:38:40.390Z,0
2026-08-13T08:40:23.285Z,0
2026-08-13T08:50:23.240Z,0
2026-08-13T09:00:40.589Z,0
2026-08-13T09:10:22.616Z,0
2026-08-13T09:20:25.075Z,0
2026-08-13T09:30:31.194Z,0
2026-08-13T09:40:22.822Z,1
2026-08-13T09:44:23.014Z,1
2026-08-13T09:50:24.905Z,1
2026-08-13T10:00:43.043Z,1
2026-08-13T10:10:24.586Z,1
2026-08-13T10:20:27.736Z,2
2026-08-13T10:30:41.854Z,3
2026-08-13T10:40:23.015Z,3
2026-08-13T10:44:50.154Z,3
2026-08-13T10:50:22.670Z,3
2026-08-13T11:00:41.536Z,3
2026-08-13T11:10:32.489Z,4
2026-08-13T11:20:23.723Z,4
2026-08-13T11:29:22.138Z,4
2026-08-13T11:30:31.518Z,4
2026-08-13T11:40:23.519Z,4
2026-08-13T11:50:30.607Z,4
2026-08-13T12:00:40.814Z,4
2026-08-13T12:09:56.628Z,5
2026-08-13T12:10:22.475Z,5
2026-08-13T12:20:28.178Z,4
2026-08-13T12:30:40.985Z,4
2026-08-13T12:40:24.764Z,3
2026-08-13T12:50:24.030Z,3
2026-08-13T13:00:44.088Z,3
2026-08-13T13:10:23.295Z,3
2026-08-13T13:20:24.102Z,4
2026-08-13T13:30:32.594Z,4
2026-08-13T13:40:24.272Z,4
2026-08-13T13:42:14.362Z,4
2026-08-13T13:50:25.563Z,4
2026-08-13T14:00:43.800Z,5
2026-08-13T14:10:22.709Z,4
2026-08-13T14:20:25.620Z,3
2026-08-13T14:30:32.852Z,3
2026-08-13T14:40:24.815Z,3
2026-08-13T14:50:22.885Z,3
2026-08-13T15:00:42.675Z,3
2026-08-13T15:10:24.082Z,1
2026-08-13T15:20:22.919Z,1
2026-08-13T15:30:42.463Z,1
2026-08-13T15:38:31.270Z,0
2026-08-13T15:40:24.854Z,0
2026-08-13T15:50:25.101Z,1
2026-08-13T16:00:45.473Z,3
2026-08-13T16:10:22.000Z,5
2026-08-13T16:20:23.066Z,5
2026-08-13T16:30:32.615Z,7
2026-08-13T16:30:43.179Z,7
2026-08-13T16:40:27.087Z,7
2026-08-13T16:50:26.166Z,7
2026-08-13T17:00:47.468Z,8
2026-08-13T17:10:25.105Z,10
2026-08-13T17:20:31.552Z,10
2026-08-13T17:30:32.909Z,10
2026-08-13T17:30:43.502Z,10
2026-08-13T17:40:32.928Z,8
2026-08-13T17:50:23.561Z,8
2026-08-13T18:00:42.182Z,8
2026-08-13T18:10:22.982Z,8
2026-08-13T18:20:22.337Z,8
2026-08-13T18:27:53.833Z,9
2026-08-13T18:30:35.844Z,9
2026-08-13T18:40:24.516Z,9
2026-08-13T18:50:25.167Z,9
2026-08-13T19:00:43.892Z,9
2026-08-13T19:10:22.756Z,8
2026-08-13T19:20:24.036Z,4
2026-08-13T19:30:34.109Z,4
2026-08-13T19:33:42.410Z,4
2026-08-13T19:40:22.367Z,4
2026-08-13T19:50:22.306Z,4
2026-08-13T20:00:40.869Z,4
2026-08-13T20:06:58.716Z,3
2026-08-13T20:10:25.492Z,3
2026-08-13T20:20:24.837Z,2
2026-08-13T20:30:34.012Z,2
2026-08-13T20:40:26.284Z,0
2026-08-13T20:50:23.161Z,0
2026-08-13T20:57:32.266Z,0
2026-08-13T21:00:42.463Z,0
2026-08-13T21:10:28.157Z,0
2026-08-13T21:20:22.981Z,0
2026-08-13T21:30:31.354Z,0
2026-08-13T21:40:21.454Z,0
2026-08-13T21:40:32.551Z,0
2026-08-13T21:50:22.004Z,0
2026-08-13T22:00:43.517Z,0
2026-08-13T22:10:20.740Z,0
2026-08-13T22:20:25.293Z,0
2026-08-13T22:22:52.641Z,0
2026-08-13T22:30:36.018Z,0
2026-08-13T22:40:20.985Z,0
2026-08-13T22:50:21.736Z,0
2026-08-13T23:00:41.088Z,0
2026-08-13T23:07:35.601Z,0
2026-08-13T23:10:21.670Z,0
2026-08-13T23:20:22.838Z,0
2026-08-13T23:30:31.277Z,0
2026-08-13T23:40:25.169Z,0
2026-08-13T23:50:24.524Z,0
2026-08-13T23:53:26.445Z,0
2026-08-14T00:00:43.446Z,0
2026-08-14T00:10:22.486Z,0
2026-08-14T00:20:22.614Z,0
2026-08-14T00:30:32.638Z,0
2026-08-14T00:40:21.118Z,0
2026-08-14T00:46:17.323Z,0
2026-08-14T00:50:23.906Z,0
2026-08-14T01:00:39.550Z,0
2026-08-14T01:10:25.558Z,0
2026-08-14T01:20:22.651Z,0
2026-08-14T01:30:32.887Z,0
2026-08-14T01:40:24.584Z,0
2026-08-14T01:50:20.649Z,0
2026-08-14T02:00:38.662Z,0
2026-08-14T02:10:23.381Z,0
2026-08-14T02:20:22.379Z,0
2026-08-14T02:30:28.862Z,0
2026-08-14T02:40:23.020Z,0
2026-08-14T02:50:23.096Z,0
2026-08-14T03:00:43.710Z,0
2026-08-14T03:10:21.786Z,0
2026-08-14T03:13:35.195Z,0
2026-08-14T03:20:22.059Z,0
2026-08-14T03:30:34.267Z,0
2026-08-14T03:40:22.511Z,0
2026-08-14T03:50:22.257Z,0
2026-08-14T04:00:40.488Z,0
2026-08-14T04:10:22.408Z,0
2026-08-14T04:20:21.685Z,0
2026-08-14T04:30:29.486Z,0
2026-08-14T04:40:24.353Z,0
2026-08-14T04:50:22.530Z,0
2026-08-14T05:00:36.812Z,0
2026-08-14T05:02:30.981Z,0
2026-08-14T05:10:22.555Z,0
2026-08-14T05:20:22.803Z,0
2026-08-14T05:30:34.617Z,0
2026-08-14T05:40:21.347Z,0
2026-08-14T05:50:22.909Z,0
2026-08-14T06:00:40.276Z,1
2026-08-14T06:10:21.715Z,1
2026-08-14T06:20:22.585Z,2
2026-08-14T06:21:01.278Z,2
2026-08-14T06:30:30.676Z,2
2026-08-14T06:40:23.365Z,2
2026-08-14T06:50:23.244Z,2
2026-08-14T07:10:23.268Z,2
2026-08-14T07:20:25.779Z,2
2026-08-14T07:30:33.852Z,2
2026-08-14T07:40:31.652Z,3
2026-08-14T07:50:23.272Z,3
2026-08-14T07:54:27.901Z,2
2026-08-14T08:10:24.229Z,1
2026-08-14T08:20:23.054Z,1
2026-08-14T08:30:31.405Z,1
2026-08-14T08:40:22.858Z,1
2026-08-14T08:50:23.675Z,2
2026-08-14T08:55:35.324Z,2
2026-08-14T09:00:40.871Z,2
2026-08-14T09:10:29.746Z,2
2026-08-14T09:20:24.177Z,2
2026-08-14T09:30:28.907Z,2
2026-08-14T09:40:27.370Z,2
2026-08-14T09:50:22.423Z,2
2026-08-14T09:51:58.614Z,2
2026-08-14T10:00:39.775Z,2
2026-08-14T10:10:27.396Z,2
2026-08-14T10:20:25.384Z,2
2026-08-14T10:30:33.883Z,2
2026-08-14T10:40:23.385Z,2
2026-08-14T10:43:25.974Z,2
2026-08-14T10:50:23.200Z,1
2026-08-14T11:00:39.150Z,1
2026-08-14T11:10:22.614Z,1
2026-08-14T11:20:23.659Z,1
2026-08-14T11:28:21.983Z,1
2026-08-14T11:30:30.361Z,1
2026-08-14T11:40:22.985Z,0
2026-08-14T11:50:25.953Z,1
2026-08-14T12:00:40.691Z,1
2026-08-14T12:07:09.720Z,1
2026-08-14T12:10:24.916Z,1
2026-08-14T12:20:24.682Z,1
2026-08-14T12:30:29.946Z,1
2026-08-14T12:40:23.868Z,1
2026-08-14T12:50:23.922Z,1
2026-08-14T13:00:43.973Z,1
2026-08-14T13:10:24.812Z,1
